solution_name,sample_idx,sample_num,actual_7d,actual_28d,prior_mean_7d,prior_std_7d,posterior_mean_7d,posterior_std_7d,prior_mean_14d,prior_std_14d,posterior_mean_14d,posterior_std_14d,prior_mean_21d,prior_std_21d,posterior_mean_21d,posterior_std_21d,prior_mean_28d,prior_std_28d,posterior_mean_28d,posterior_std_28d,prior_mean_56d,prior_std_56d,posterior_mean_56d,posterior_std_56d,prior_mean_90d,prior_std_90d,posterior_mean_90d,posterior_std_90d,prior_error_28d,posterior_error_28d,improvement_28d,improvement_pct_28d,prior_uncertainty_28d,posterior_uncertainty_28d,uncertainty_reduction_28d,uncertainty_reduction_pct_28d,prior_posterior_ratio_28d,is_improved,significant_improvement
Global Scaler,0,1,53.76,55.02,45.93661,3.2428966,53.408024,1.5091724,47.127563,3.2189648,54.598663,1.5097028,47.940872,3.2244818,55.410923,1.5114954,48.509884,3.2388659,55.978138,1.5145466,49.833336,3.3050513,57.287624,1.5380455,50.74714,3.376305,58.169193,1.5907928,6.510116119384769,0.9581379699707,5.551978149414069,85.28232135341315,3.2388659,1.5145466,1.7243192,53.238362073898315,0.1471767864658684,True,True
Global Scaler,1,2,30.0,33.68,46.827133,3.6068258,32.29416,1.9308136,50.852074,4.0114164,36.33298,1.9369761,53.600742,4.3222737,39.12852,1.9575942,55.523773,4.5528927,41.131176,1.9919835,59.996513,5.122072,46.209003,2.2306154,63.084797,5.535974,50.60227,2.6460378,21.843773193359375,7.451175994873047,14.392597198486328,65.88878702907314,4.5528927,1.9919835,2.5609093,56.24796152114868,0.3411121297092686,True,True
Global Scaler,2,3,56.3916,59.1157,27.356789,3.6678784,52.901752,1.0732957,31.488462,3.644226,57.033054,1.0733454,34.31002,3.680745,59.853355,1.0735122,36.284046,3.7310996,61.825233,1.0737971,40.875397,3.9219453,66.3999,1.0760096,44.045578,4.107766,69.5315,1.0811039,22.831653826904294,2.7095334594726594,20.122120367431634,88.13255719443413,3.7310996,1.0737971,2.6573024,71.22035622596741,0.11867442805565875,True,True
Global Scaler,3,4,46.19,48.9,39.842804,3.3910728,46.03166,0.97648734,40.84639,3.4006662,47.03511,0.9767653,41.531746,3.418763,47.720024,0.9777077,42.011234,3.436911,48.198765,0.97931135,43.126472,3.4961388,49.308147,0.99169505,43.89651,3.5504198,50.064655,1.0197022,6.888765716552733,0.701235198974608,6.187530517578125,89.82059736347777,3.436911,0.97931135,2.4575996,71.50605916976929,0.10179402636522224,True,True
Global Scaler,4,5,35.2,36.8,18.870956,3.2360566,33.57636,2.3845396,21.171452,3.2816145,35.87618,2.3849676,22.742485,3.3356621,37.44492,2.3864174,23.841614,3.3840203,38.54014,2.388888,26.398056,3.527795,41.06621,2.4079862,28.163202,3.6504414,42.76128,2.4513345,12.958386230468747,1.740138244628909,11.218247985839838,86.57133524437354,3.3840203,2.388888,0.99513245,29.40680980682373,0.13428664755626463,True,True
Global Scaler,5,6,13.3,16.6,-58.921288,11.536325,-14.835226,0.011150944,-58.88527,11.603445,-14.799208,0.011150944,-58.860664,11.649829,-14.774603,0.011150944,-58.84346,11.682542,-14.757395,0.011150944,-58.803436,11.759442,-14.717371,0.011150944,-58.775795,11.813201,-14.6897335,0.011150944,75.4434600830078,31.357394790649415,44.08606529235839,58.43590053246766,11.682542,0.011150944,11.671391,99.90454912185669,0.41564099467532334,True,True
Global Scaler,6,7,28.32,35.44,-31.720549,8.99328,21.66986,0.021947067,-30.929396,9.090527,22.461008,0.021947067,-30.389112,9.188952,23.001293,0.021947067,-30.011122,9.272767,23.379286,0.021947067,-29.131948,9.513269,24.25846,0.021947067,-28.524908,9.714533,24.865501,0.021947067,65.45112174987793,12.060714187622068,53.39040756225586,81.57294502344482,9.272767,0.021947067,9.25082,99.7633159160614,0.18427054976555177,True,True
Global Scaler,7,8,19.0123,33.8272,-7.3044987,6.783399,18.50598,0.13814594,-4.141882,7.2858562,21.668594,0.13814594,-1.9821073,7.705295,23.828373,0.13814594,-0.47107515,8.029652,25.339403,0.13814594,3.0434017,8.86508,28.85388,0.13814594,5.4700356,9.495608,31.280508,0.13814661,34.29827514739036,8.487796847534177,25.810478299856186,75.25299213718628,8.029652,0.13814594,7.8915057,98.27955365180969,0.24747007862813722,True,True
Global Scaler,8,9,49.44,51.52,42.903736,2.9225934,48.991535,1.1376115,43.70301,2.889127,49.790634,1.1378033,44.248844,2.8730152,50.33587,1.1384541,44.630722,2.865058,50.71673,1.1395619,45.51892,2.8572361,51.59701,1.1481386,46.132195,2.8606012,52.191998,1.1676676,6.889277954101566,0.8032717895507844,6.086006164550781,88.34026156438422,2.865058,1.1395619,1.725496,60.22552251815796,0.11659738435615775,True,True
Global Scaler,9,10,28.82,34.97,-10.241346,7.219279,-5.8447437,0.014861914,-10.1966,7.2097144,-5.800001,0.014861914,-10.166044,7.2039733,-5.7694416,0.014861914,-10.144667,7.2003403,-5.748064,0.014861914,-10.094942,7.1931143,-5.6983395,0.014861914,-10.06061,7.189126,-5.664007,0.014861914,45.11466667175293,40.718064041137694,4.396602630615234,9.74539535580349,7.2003403,0.014861914,7.185478,99.7935950756073,0.9025460464419651,True,False
Global Scaler,10,11,39.31232,46.07448,-10.7977085,5.3574996,38.91835,0.022885015,-10.258505,5.4833446,39.457554,0.022885015,-9.89028,5.5720696,39.82578,0.022885015,-9.632658,5.6354194,40.0834,0.022885015,-9.033468,5.7866178,40.68259,0.022885015,-8.619741,5.893989,41.096317,0.022885015,55.70713800476074,5.991079273681642,49.7160587310791,89.2454010594304,5.6354194,0.022885015,5.6125345,99.59390759468079,0.10754598940569596,True,True
Global Scaler,11,12,38.25,53.2493,-12.713179,10.686652,38.445,0.12436884,-9.166933,11.060479,41.991245,0.12436884,-6.7451687,11.362775,44.41301,0.12436884,-5.050848,11.595121,46.107327,0.12436884,-1.110056,12.19583,50.04812,0.12436884,1.610937,12.654817,52.769115,0.12436884,58.30014800720215,7.141973492431639,51.15817451477051,87.74964775123838,11.595121,0.12436884,11.470753,98.92740249633789,0.12250352248761616,True,True
Global Scaler,12,13,51.62,53.38,44.739933,3.5550377,51.49988,1.0513636,46.002293,3.5368352,52.761433,1.0534245,46.864372,3.5422792,53.62077,1.060366,47.4675,3.5546923,54.219227,1.0720943,48.870308,3.6104581,55.585766,1.1588466,49.8389,3.6701775,56.47115,1.3353069,5.912501220703128,0.8392268371582006,5.073274383544927,85.80589151982623,3.5546923,1.0720943,2.4825978,69.84001994132996,0.14194108480173775,True,True
Global Scaler,13,14,2.9,25.4,-33.09809,8.651191,1.358507,0.061393548,-30.1602,8.929752,4.2963963,0.061393548,-28.15389,9.170812,6.3027077,0.061393548,-26.750235,9.362058,7.7063637,0.061393548,-23.48549,9.872047,10.9711075,0.061393548,-21.23129,10.271716,13.225307,0.061393548,52.150234603881835,17.693636322021483,34.45659828186035,66.07179918476446,9.362058,0.061393548,9.300664,99.34422969818115,0.3392820081523554,True,True
Global Scaler,14,15,20.48,24.52,14.058928,7.5546994,20.288969,0.54365104,16.327955,7.7399244,22.55799,0.5436556,17.877495,7.8756514,24.10751,0.5436717,18.961588,7.9748273,25.191568,0.54369897,21.483059,8.218153,27.712767,0.54390997,23.224056,8.395855,29.453136,0.5443988,5.5584120941162105,0.6715683746337895,4.886843719482421,87.91798155187756,7.9748273,0.54369897,7.4311285,93.18231344223022,0.12082018448122442,True,True
Global Scaler,15,16,37.33,42.48,6.9054527,6.0508227,37.344902,0.109426886,10.546648,6.6830845,40.9861,0.109426886,13.033257,7.1490226,43.472702,0.10942775,14.7729435,7.488279,45.212383,0.10942948,18.81925,8.31136,49.258648,0.10943987,21.613096,8.901973,52.052395,0.10946412,27.707056503295895,2.732383270263675,24.97467323303222,90.13831270767199,7.488279,0.10942948,7.3788495,98.5386610031128,0.09861687292328018,True,True
Global Scaler,16,17,52.26,53.8,40.045265,2.8093605,51.58054,0.9938544,41.17287,2.8139317,52.70723,0.9944393,41.94292,2.8306687,53.474186,0.9964125,42.481667,2.8488414,54.00765,0.99976915,43.734722,2.9110374,55.219666,1.0254216,44.59992,2.9695058,55.99042,1.0818243,11.318333435058591,0.20764846801758097,11.11068496704101,98.16537947738499,2.8488414,0.99976915,1.8490722,64.90611433982849,0.01834620522615007,True,True
Global Scaler,17,18,45.63,56.67,-27.897955,10.81165,45.776463,0.014249752,-22.882925,10.732787,50.791492,0.014249752,-19.458117,10.76727,54.2163,0.014249752,-17.062044,10.833763,56.612373,0.014249752,-11.489058,11.119041,62.18536,0.014249752,-7.6410885,11.416756,66.03333,0.014249752,73.73204414367676,0.057626647949220455,73.67441749572754,99.92184314348192,10.833763,0.014249752,10.819513,99.86847043037415,0.0007815685651807946,True,True
Global Scaler,18,19,37.3,38.9,10.474503,3.877236,33.999332,1.7849092,12.900969,4.2144637,36.425766,1.7849182,14.558027,4.4738827,38.082703,1.7849469,15.71734,4.6670012,39.24181,1.7849958,18.41377,5.146515,41.93664,1.7853806,20.27557,5.497765,43.794735,1.7862697,23.182659530639647,0.34180984497070455,22.840849685668942,98.52557967079252,4.6670012,1.7849958,2.8820055,61.75283193588257,0.014744203292074723,True,True
Global Scaler,19,20,36.32016,40.74488,-9.647165,8.508289,22.58003,0.012533941,-9.409422,8.554654,22.817772,0.012533941,-9.247068,8.588676,22.980127,0.012533941,-9.133482,8.6136055,23.093714,0.012533941,-8.869291,8.675117,23.357904,0.012533941,-8.686876,8.720429,23.54032,0.012533941,49.87836197937012,17.651166239624025,32.227195739746094,64.6115759636922,8.6136055,0.012533941,8.601071,99.85448718070984,0.353884240363078,True,True
Global Scaler,20,21,30.656,33.088,-15.425596,10.559564,30.539974,0.014622869,-15.099932,10.741804,30.865637,0.014622869,-14.877531,10.869618,31.088037,0.014622869,-14.721937,10.960599,31.243633,0.014622869,-14.360041,11.176989,31.60553,0.014622869,-14.110159,11.33014,31.855408,0.014622869,47.80993717956543,1.844366729736329,45.9655704498291,96.14229417869925,10.960599,0.014622869,10.945976,99.86658692359924,0.03857705821300754,True,True
Global Scaler,21,22,58.5124,60.4959,44.690384,3.4523494,56.08889,1.7114582,46.839436,3.4905434,58.227585,1.7145605,48.30705,3.5465567,59.660213,1.7249746,49.33382,3.599537,60.62755,1.7424552,51.72197,3.763594,62.563477,1.867316,53.370914,3.9071672,63.233772,2.0974295,11.16207965698242,0.1316482177734386,11.030431439208982,98.8205762562258,3.599537,1.7424552,1.8570817,51.59223675727844,0.011794237437741835,True,True
Global Scaler,22,23,10.4902,12.4762,-15.5906315,7.5931206,10.065174,0.17471488,-15.23237,7.7625813,10.423435,0.17471488,-14.987707,7.8876877,10.668097,0.17471488,-14.816542,7.979517,10.839266,0.17471488,-14.418417,8.20607,11.237387,0.17471488,-14.14353,8.372474,11.512276,0.17471488,27.29274167175293,1.6369341766357426,25.655807495117188,94.00230949194118,7.979517,0.17471488,7.804802,97.81045317649841,0.05997690508058831,True,True
Global Scaler,23,24,46.1,51.0,18.827562,4.295677,43.926895,0.2636266,23.732018,4.8760905,48.831337,0.26362702,27.081316,5.36967,52.180607,0.26362857,29.42456,5.7495575,54.5238,0.2636311,34.874672,6.7131543,59.973503,0.26365158,38.6378,7.425721,63.7357,0.26369864,21.575439453125,3.5237998962402344,18.051639556884766,83.66754056668893,5.7495575,0.2636311,5.4859266,95.41476368904114,0.16332459433311078,True,True
Global Scaler,24,25,46.32,51.46,35.471786,6.890474,45.61421,0.7536845,37.894283,7.103463,48.036232,0.7538824,39.548634,7.2599106,49.688972,0.7545523,40.70605,7.3743176,50.843655,0.75569296,43.398067,7.655058,53.514393,0.7644952,45.25682,7.859941,55.32405,0.78435624,10.753949127197266,0.6163453674316415,10.137603759765625,94.26866019039579,7.3743176,0.75569296,6.6186247,89.75237011909485,0.057313398096042106,True,True
Global Scaler,25,26,41.784,47.6,13.204262,5.5736933,37.855946,0.213586,13.356148,5.5583167,38.00783,0.213586,13.459873,5.549513,38.111557,0.213586,13.532442,5.544176,38.184124,0.213586,13.701227,5.5343957,38.35291,0.213586,13.81777,5.5297995,38.46945,0.213586,34.067557907104494,9.41587600708008,24.651681900024414,72.36116532697966,5.544176,0.213586,5.3305902,96.14756107330322,0.2763883467302034,True,True
Global Scaler,26,27,41.832,43.912,-2.857523,5.989579,41.823643,0.016250899,-2.541605,6.01376,42.13956,0.016250899,-2.3258648,6.03282,42.3553,0.016250899,-2.1749249,6.047374,42.50624,0.016250899,-1.8238622,6.085054,42.857304,0.016250899,-1.5814649,6.1141567,43.0997,0.016250899,46.086924850463866,1.4057591552734365,44.68116569519043,96.94976577449106,6.047374,0.016250899,6.0311227,99.73127245903015,0.03050234225508946,True,True
Global Scaler,27,28,26.022,36.57144,-30.811796,9.28334,20.46321,0.013632544,-30.00871,9.373725,21.266294,0.013632544,-29.46028,9.45144,21.814728,0.013632544,-29.076582,9.513334,22.198421,0.013632544,-28.184149,9.680504,23.09086,0.013632544,-27.567957,9.814182,23.70705,0.013632544,65.64802195495605,14.373018521728518,51.27500343322753,78.10593816278202,9.513334,0.013632544,9.4997015,99.856698513031,0.21894061837217987,True,True
Global Scaler,28,29,35.6341,43.6449,5.9873676,4.9510384,34.088974,0.5030891,7.8868256,5.1813245,35.98841,0.5030921,9.183985,5.361817,37.285496,0.50310284,10.091503,5.498161,38.19289,0.5031209,12.20229,5.8437343,40.3027,0.50326383,13.659719,6.1027584,41.75787,0.50359434,33.55339685668945,5.452009832763672,28.10138702392578,83.75124326145024,5.498161,0.5031209,4.99504,90.84928631782532,0.16248756738549763,True,True
Global Scaler,29,30,32.6513,50.9846,-14.439283,6.843262,32.39388,0.031599037,-10.23472,7.7355433,36.598442,0.031599037,-7.363386,8.469845,39.469776,0.031599037,-5.3545322,9.028779,41.47863,0.031599037,-0.68218434,10.435581,46.150978,0.031599037,2.5439281,11.471305,49.37709,0.031599037,56.33913224182129,9.505969934082032,46.83316230773926,83.12723402753154,9.028779,0.031599037,8.99718,99.65001940727234,0.16872765972468465,True,True
Global Scaler,30,31,7.5,25.2,-26.210077,6.970032,6.0166264,0.068133436,-22.189043,6.9702115,10.0376625,0.068133436,-19.44304,7.114211,12.783663,0.068133436,-17.521875,7.280713,14.704828,0.068133436,-13.053476,7.8547435,19.17323,0.068133436,-9.968187,8.38078,22.258518,0.068133436,42.72187538146973,10.495171737670898,32.22670364379883,75.43372887084658,7.280713,0.068133436,7.2125797,99.06419515609741,0.24566271129153414,True,True
Global Scaler,31,32,12.42856,21.0,-40.297127,8.604738,5.923805,0.013621247,-39.682396,8.717719,6.5385323,0.013621247,-39.262596,8.819952,6.958332,0.013621247,-38.968887,8.903157,7.252041,0.013621247,-38.285774,9.132213,7.935156,0.013621247,-37.814102,9.3178425,8.406828,0.013621247,59.96888732910156,13.74795913696289,46.22092819213867,77.07484705941624,8.903157,0.013621247,8.889536,99.84700679779053,0.22925152940583762,True,True
Global Scaler,32,33,26.14528,30.88616,-32.800034,8.802657,-23.775846,0.0055971304,-32.653908,8.941642,-23.629717,0.0055971304,-32.554115,9.04105,-23.529924,0.0055971304,-32.4843,9.112695,-23.460108,0.0055971304,-32.321907,9.285747,-23.29772,0.0055971304,-32.209785,9.410271,-23.185595,0.0055971304,63.37045870605469,54.34626780334473,9.024190902709961,14.240374911232495,9.112695,0.0055971304,9.107098,99.93857741355896,0.857596250887675,True,True
Global Scaler,33,34,30.1276,32.7158,33.123337,4.8571706,30.522684,0.94717085,34.10717,4.7399836,31.50653,0.94718784,34.77904,4.678617,32.178444,0.9472445,35.249096,4.64508,32.64857,0.9473427,36.34239,4.597988,33.742428,0.94810116,37.097275,4.5912185,34.498615,0.94985396,2.5332959167480453,0.06722898559570467,2.4660669311523407,97.34618505673805,4.64508,0.9473427,3.6977375,79.60546016693115,0.026538149432619593,True,True
Global Scaler,34,35,19.6,24.1,11.680014,4.086479,19.369905,1.4323863,13.419922,4.039104,21.109734,1.4325515,14.608124,4.031629,22.297663,1.433106,15.439417,4.0385103,23.128489,1.4340531,17.372904,4.0926714,25.058344,1.441401,18.707918,4.160298,26.38496,1.458242,8.660583114624025,0.9715114593505874,7.6890716552734375,88.78237820141557,4.0385103,1.4340531,2.6044574,64.49054479598999,0.11217621798584435,True,True
Global Scaler,35,36,39.8528,40.93248,3.6532764,5.325396,39.781254,0.072540835,4.796858,5.61208,40.924835,0.072540835,5.5778217,5.8243446,41.70579,0.07254214,6.124199,5.979922,42.25217,0.072542466,7.395012,6.36165,43.522945,0.07255193,8.27247,6.6394615,44.400322,0.07257348,34.80828108642578,1.3196905627441424,33.48859052368164,96.20868792840568,5.979922,0.072542466,5.907379,98.78689646720886,0.03791312071594318,True,True
Global Scaler,36,37,17.86048,27.90696,-30.489576,9.122319,13.72011,0.013865572,-29.409018,9.484308,14.800667,0.013865572,-28.671087,9.788316,15.538595,0.013865572,-28.154825,10.025863,16.054861,0.013865572,-26.954046,10.648958,17.255638,0.013865572,-26.124949,11.129902,18.084734,0.013865572,56.06178521057129,11.852098931274416,44.209686279296875,78.8588627944022,10.025863,0.013865572,10.011997,99.86170530319214,0.21141137205597807,True,True
Global Scaler,37,38,31.4234,46.7518,-3.4185085,6.826709,29.982174,0.16062671,-0.8180944,7.087064,32.58259,0.16062671,0.957754,7.311245,34.358437,0.16062671,2.2001781,7.4884157,35.60086,0.16062671,5.089903,7.9582276,38.490578,0.16062708,7.085169,8.324045,40.48583,0.1606279,44.5516218536377,11.150939404296878,33.40068244934082,74.9707441831629,7.4884157,0.16062671,7.327789,97.85499572753906,0.2502925581683709,True,True
Global Scaler,38,39,37.353,55.6864,-25.10623,9.915125,36.475327,0.016959667,-22.665598,11.657717,38.91596,0.016959667,-20.998861,12.926052,40.582695,0.016959667,-19.83278,13.840344,41.74878,0.016959667,-17.120604,16.02928,44.460953,0.016959667,-15.247934,17.57813,46.333626,0.016959667,75.51918083801269,13.937620703124999,61.58156013488769,81.54426392280267,13.840344,0.016959667,13.823385,99.87746477127075,0.1845573607719733,True,True
Global Scaler,39,40,14.1,16.4,-54.94536,11.315224,-19.105246,0.010278651,-54.86248,11.415693,-19.022367,0.010278651,-54.805878,11.48663,-18.965769,0.010278651,-54.766273,11.53736,-18.926168,0.010278651,-54.67418,11.658782,-18.834066,0.010278651,-54.61058,11.745357,-18.770472,0.010278651,71.16627349853516,35.32616844177246,35.8401050567627,50.361081583821324,11.53736,0.010278651,11.5270815,99.91090893745422,0.49638918416178685,True,True
Global Scaler,40,41,27.5566865,30.400615,-5.9496365,6.746137,25.427849,0.03971913,-5.7165127,6.8655534,25.660975,0.03971913,-5.5573025,6.9484797,25.82018,0.03971913,-5.445921,7.007138,25.931562,0.03971913,-5.186857,7.145526,26.190628,0.03971913,-5.0079784,7.2426133,26.369507,0.03971913,35.84653594421387,4.469052576293944,31.377483367919925,87.53281883848163,7.007138,0.03971913,6.9674187,99.43315982818604,0.12467181161518373,True,True
Global Scaler,41,42,45.98,47.54,33.595455,3.1626005,45.10832,1.2146577,35.37756,3.236077,46.88954,1.2151743,36.594574,3.3132927,48.103592,1.2169186,37.446026,3.3794684,48.94998,1.2198876,39.4264,3.5685627,50.891037,1.2426693,40.793785,3.7246976,52.16791,1.2933067,10.093974151611327,1.4099816894531259,8.683992462158201,86.03145135627233,3.3794684,1.2198876,2.1595807,63.90296816825867,0.1396854864372767,True,True
Global Scaler,42,43,35.1813,35.1859,21.628384,4.2672167,32.073303,0.8287571,23.209562,4.7053666,33.650948,0.82915264,24.289366,5.0321126,34.71879,0.83048755,25.044819,5.2714257,35.45386,0.8327535,26.801916,5.855471,37.053654,0.8498939,28.015137,6.2766933,37.91177,0.88646066,10.141081121826168,0.267961236572269,9.8731198852539,97.35766597906856,5.2714257,0.8327535,4.438672,84.20249819755554,0.02642334020931444,True,True
Global Scaler,43,44,30.33,43.17,12.854296,7.116258,27.626802,0.08089972,13.886747,7.221787,28.659252,0.08089972,14.591816,7.317629,29.364323,0.08089972,15.085098,7.395701,29.857605,0.08089972,16.232416,7.6106215,31.00492,0.08089978,17.024605,7.7846117,31.797098,0.080899894,28.08490173339844,13.312395019531252,14.772506713867188,52.599460215663804,7.395701,0.08089972,7.314801,98.90612363815308,0.47400539784336193,True,True
Global Scaler,44,45,18.32256,19.0968,-14.210371,8.2530775,16.234716,0.055686135,-9.435034,8.543755,21.010056,0.055686135,-6.1739063,8.85472,24.271183,0.055686135,-3.8923473,9.121019,26.552742,0.055686135,1.4142817,9.875052,31.859371,0.055686135,5.0783463,10.4885845,35.523434,0.055686135,22.98914733581543,7.4559420043945295,15.533205331420902,67.56755744142494,9.121019,0.055686135,9.065333,99.38947558403015,0.32432442558575064,True,True
Global Scaler,45,46,30.1,31.2,9.89802,6.044346,28.125664,1.3175155,12.5577965,6.383639,30.785406,1.3175253,14.374182,6.6633286,32.60168,1.3175578,15.644966,6.8792615,33.872276,1.3176128,18.600662,7.4369354,36.826477,1.3180447,20.641476,7.8603797,38.863834,1.3190451,15.555033874511718,2.6722763061523445,12.882757568359374,82.82050474649816,6.8792615,1.3176128,5.561649,80.84659576416016,0.17179495253501842,True,True
Global Scaler,46,47,39.8,56.8,-5.4733944,8.5804405,39.59033,0.022973318,3.9830704,9.365205,49.04679,0.022973318,10.440977,10.186977,55.504696,0.022973318,14.959074,10.868668,60.022797,0.022973318,25.467634,12.705214,70.53136,0.022973318,32.723465,14.121096,77.787186,0.022973318,41.840925979614255,3.222796630859378,38.61812934875488,92.29750165560488,10.868668,0.022973318,10.845695,99.78863000869751,0.07702498344395126,True,True
Global Scaler,47,48,43.62,44.87,40.92091,3.0199766,43.63677,0.74437296,41.997356,3.0473886,44.713062,0.7454172,42.732475,3.0821996,45.447662,0.74893165,43.246777,3.114063,45.96108,0.75489104,44.442986,3.2109091,47.15041,0.7996388,45.268932,3.2951548,47.9605,0.89393413,1.6232234191894506,1.0910786437988307,0.5321447753906199,32.78321203967991,3.114063,0.75489104,2.3591719,75.7586419582367,0.6721678796032009,True,True
Global Scaler,48,49,35.16144,39.53104,7.8848057,5.459322,31.655037,0.31680623,9.428854,5.8766947,33.199085,0.31680623,10.483297,6.1913195,34.253525,0.3168064,11.22101,6.4235377,34.991238,0.31680652,12.936844,6.9960427,36.707035,0.31680796,14.121574,7.4134297,37.89169,0.31681103,28.310029791870114,4.539802359619138,23.770227432250977,83.96397886899135,6.4235377,0.31680652,6.1067314,95.06803750991821,0.16036021131008657,True,True
Global Scaler,49,50,32.8522775,37.1672035,-1.6147863,6.9331217,31.479673,0.029196706,-1.2651426,7.086513,31.829315,0.029196706,-1.0263692,7.1966405,32.06809,0.029196706,-0.8593198,7.2761564,32.23514,0.029196706,-0.4707776,7.468568,32.62368,0.029196706,-0.2025014,7.6071863,32.891956,0.029196706,38.02652330609894,4.932061745849609,33.09446156024933,87.0299430054428,7.2761564,0.029196706,7.2469597,99.59873557090759,0.129700569945572,True,True
Global Scaler,50,51,41.3889,43.8889,24.890202,4.2938256,40.939953,0.32105353,29.726109,4.4426713,45.77575,0.32107595,33.028595,4.6070366,49.077866,0.3211521,35.33909,4.7491775,51.387726,0.32128116,40.713024,5.1544952,56.75674,0.32228637,44.423557,5.485638,60.455875,0.32459947,8.549811560058593,7.498825830078125,1.050985729980468,12.292501683782904,4.7491775,0.32128116,4.4278965,93.2350218296051,0.8770749831621709,True,True
Global Scaler,51,52,33.0189,38.1929,11.401436,7.3979535,32.52861,0.27087986,14.210772,7.4804034,35.33793,0.27088302,16.129295,7.5767503,37.256405,0.27089247,17.471537,7.662759,38.598564,0.2709089,20.593431,7.9188566,41.719803,0.27103847,22.749,8.138326,43.87386,0.27133772,20.721363363647463,0.4056641479492171,20.315699215698245,98.04229026425503,7.662759,0.2709089,7.39185,96.464604139328,0.01957709735744967,True,True
Global Scaler,52,53,36.0,52.0,-5.9134235,9.650657,35.792915,0.08479964,-4.0089207,9.84124,37.69742,0.08479964,-2.7083225,9.994659,38.998016,0.08479964,-1.7983915,10.112697,39.907948,0.08479964,0.3179988,10.419444,42.024338,0.08479964,1.7792987,10.655916,43.48564,0.08479964,53.798391461372375,12.092052459716797,41.70633900165558,77.52339404348368,10.112697,0.08479964,10.027897,99.16145205497742,0.22476605956516332,True,True
Global Scaler,53,54,38.0186,44.8013,7.2245197,5.3875356,36.461243,0.5347851,9.249403,5.8055124,38.486088,0.53479093,10.632217,6.1091976,39.868782,0.5348094,11.599663,6.3291416,40.836018,0.534842,13.849831,6.8608713,43.084553,0.53509265,15.4035015,7.241902,44.63444,0.5356737,33.20163721923828,3.9652823913574196,29.23635482788086,88.05696729599893,6.3291416,0.534842,5.7942996,91.54953360557556,0.11943032704001072,True,True
Global Scaler,54,55,42.7,49.1,12.087757,5.745247,39.752632,0.20268103,16.209467,6.458001,43.87434,0.20268103,19.024223,7.0210733,46.689087,0.20268129,20.993486,7.443214,48.658344,0.20268159,25.573767,8.493412,53.238552,0.2026836,28.736305,9.260846,56.40093,0.20268854,28.106513595581056,0.4416557312011733,27.664857864379883,98.42863566233767,7.443214,0.20268159,7.2405324,97.27696180343628,0.01571364337662324,True,True
Global Scaler,55,56,25.3992235,28.5373515,-22.908659,8.498812,20.185421,0.01404017,-22.807104,8.629704,20.286978,0.01404017,-22.737757,8.723276,20.356325,0.01404017,-22.689238,8.790696,20.404844,0.01404017,-22.576387,8.953495,20.51769,0.01404017,-22.498472,9.070609,20.59561,0.01404017,51.22658909460449,8.132507215942383,43.09408187866211,84.12444131128194,8.790696,0.01404017,8.776656,99.84028339385986,0.1587555868871806,True,True
Global Scaler,56,57,20.48,24.52,26.476748,6.349514,21.294981,0.73294234,29.219383,6.512744,24.037647,0.73296005,31.092356,6.643576,25.910732,0.73302096,32.40273,6.743891,27.221294,0.7331241,35.4505,7.0032372,30.270544,0.73392785,37.554893,7.2019157,32.378353,0.7357833,7.8827290344238286,2.7012944030761723,5.181434631347656,65.73148218999236,6.743891,0.7331241,6.0107665,89.12906050682068,0.3426851781000763,True,True
Global Scaler,57,58,18.0,29.35712,-39.584946,10.114162,8.827656,0.013316038,-38.842995,10.309234,9.569603,0.013316038,-38.33631,10.465216,10.076286,0.013316038,-37.981827,10.584829,10.430771,0.013316038,-37.157333,10.894649,11.255262,0.013316038,-36.58805,11.132838,11.824545,0.013316038,67.33894678222656,18.92634912597656,48.41259765625,71.89390385450463,10.584829,0.013316038,10.571513,99.87419843673706,0.28106096145495374,True,True
Global Scaler,58,59,15.13512,28.46848,-30.70574,8.0453615,12.266556,0.014089653,-29.707075,8.233818,13.265223,0.014089653,-29.025068,8.426686,13.947229,0.014089653,-28.547926,8.5905,14.42437,0.014089653,-27.438147,9.055297,15.534149,0.014089653,-26.671873,9.437365,16.30042,0.014089653,57.01640594909668,14.04411018798828,42.9722957611084,75.36829978282631,8.5905,0.014089653,8.57641,99.83598589897156,0.24631700217173694,True,True
Global Scaler,59,60,23.5,28.5,17.463875,4.0740757,22.67787,1.7113104,20.945211,4.060814,26.159178,1.7113308,23.322649,4.176868,28.536522,1.7113997,24.985956,4.3141546,30.19967,1.7115169,28.854614,4.7859507,34.067097,1.7124279,31.525803,5.21164,36.735428,1.7145348,3.5140438079833984,1.6996707916259766,1.8143730163574219,51.63205456447154,4.3141546,1.7115169,2.6026378,60.32787561416626,0.4836794543552846,True,True
Global Scaler,60,61,44.17,46.86,31.71888,3.0949764,44.023586,0.84286046,32.879467,3.1308029,45.18401,0.8431698,33.672043,3.169044,45.97603,0.84421206,34.226547,3.2022083,46.52958,0.84599084,35.516254,3.2987442,47.81189,0.8596929,36.40676,3.3802574,48.685276,0.8905476,12.633452758789062,0.3304208374023432,12.303031921386719,97.38455635437849,3.2022083,0.84599084,2.3562174,73.58101606369019,0.026154436456215045,True,True
Global Scaler,61,62,27.3,29.2,-7.2082005,5.3242,27.300106,0.07177226,-6.7401295,5.3745313,27.768177,0.07177226,-6.420477,5.412757,28.08783,0.07177226,-6.196844,5.441319,28.311462,0.07177226,-5.6766987,5.5133977,28.83161,0.07177226,-5.3175526,5.567648,29.190748,0.071784146,35.39684410095215,0.8885375976562493,34.5083065032959,97.48978300121294,5.441319,0.07177226,5.369547,98.680979013443,0.02510216998787042,True,True
Global Scaler,62,63,25.4,29.42,-9.424978,6.7261496,-5.3373013,0.025579555,-9.346407,6.738272,-5.2587337,0.025579555,-9.292753,6.7477098,-5.205076,0.025579555,-9.255217,6.7548704,-5.1675396,0.025579555,-9.167902,6.7732906,-5.080229,0.025579555,-9.107618,6.7874417,-5.019945,0.025579555,38.675216598510744,34.58753959655762,4.087677001953125,10.569241394010778,6.7548704,0.025579555,6.729291,99.62131977081299,0.8943075860598922,True,True
Global Scaler,63,64,10.9569,11.4552,-16.254301,7.5203156,10.187899,0.1804033,-15.9487705,7.630313,10.493429,0.1804033,-15.740118,7.7082453,10.70208,0.1804033,-15.594141,7.764085,10.848057,0.1804033,-15.254614,7.8980064,11.187584,0.1804033,-15.020182,7.9936624,11.422016,0.1804033,27.049341006469724,0.607143206787109,26.442197799682617,97.75542329610954,7.764085,0.1804033,7.5836816,97.67643809318542,0.02244576703890461,True,True
Global Scaler,64,65,29.99,42.49,12.251759,5.484446,26.14578,0.04985245,13.669716,5.478406,27.56374,0.04985245,14.638056,5.500623,28.53208,0.04985245,15.315525,5.528746,29.209549,0.04985245,16.891243,5.6331806,30.785265,0.04985245,17.979225,5.7358723,31.87325,0.04985245,27.17447494506836,13.28045104980469,13.894023895263672,51.12895069122639,5.528746,0.04985245,5.4788938,99.09830689430237,0.4887104930877361,True,True
Global Scaler,65,66,30.04,30.952,-7.1978626,7.0152264,30.044199,0.016000424,-6.6928844,7.2215643,30.549177,0.016000424,-6.3480244,7.37122,30.894035,0.016000424,-6.10676,7.479879,31.135303,0.016000424,-5.545595,7.744354,31.696466,0.016000424,-5.1581287,7.935875,32.08393,0.016000424,37.05876002502441,0.1833034973144514,36.87545652770996,99.50537066758123,7.479879,0.016000424,7.4638786,99.78609085083008,0.004946293324187677,True,True
Global Scaler,66,67,49.3694,54.2342,16.409367,4.357696,47.430958,0.7159587,20.007097,4.5574803,51.02813,0.7160479,22.464022,4.733896,53.483177,0.71634585,24.182943,4.8744802,55.198887,0.7168557,28.180946,5.248997,59.171932,0.72080725,30.941444,5.540766,61.874714,0.7298503,30.05125665588379,0.9646868713378893,29.0865697845459,96.78986179385277,4.8744802,0.7168557,4.1576247,85.29370427131653,0.032101382061472346,True,True
Global Scaler,67,68,37.96608,40.5424,2.6028004,8.221354,37.8667,0.12999626,3.9103184,8.171439,39.174217,0.12999626,4.803236,8.162399,40.067135,0.12999626,5.4279385,8.1682205,40.691837,0.12999626,6.88093,8.220263,42.144833,0.12999626,7.8841705,8.287172,43.14807,0.12999626,35.11446153869629,0.14943731079101497,34.965024227905275,99.5744280155732,8.1682205,0.12999626,8.038224,98.40851426124573,0.004255719844267992,True,True
Global Scaler,68,69,21.3904,26.44744,-36.748512,11.23898,-30.009222,0.004871421,-36.646965,11.376366,-29.907675,0.004871421,-36.577614,11.475219,-29.838316,0.004871421,-36.5291,11.546741,-29.789808,0.004871421,-36.416252,11.720399,-29.676962,0.004871421,-36.338333,11.846082,-29.599043,0.004871421,62.97653851074219,56.23724827331543,6.739290237426758,10.701271293717115,11.546741,0.004871421,11.541869,99.95781183242798,0.8929872870628288,True,True
Global Scaler,69,70,44.8,46.88,30.6087,5.479481,43.05707,1.4217417,31.177727,5.496959,43.625458,1.4219809,31.566322,5.524939,44.01188,1.4227893,31.83819,5.552143,44.280045,1.4241681,32.470528,5.6391244,44.88358,1.4348246,32.907135,5.7178936,45.25377,1.4590113,15.041809921264651,2.59995544433594,12.441854476928711,82.7151422738006,5.552143,1.4241681,4.127975,74.34921860694885,0.17284857726199393,True,True
Global Scaler,70,71,17.8322,24.3357,-58.810028,12.86148,12.07089,0.014112655,-58.438263,13.186373,12.442654,0.014112655,-58.18438,13.429482,12.696535,0.014112655,-58.00676,13.609244,12.874151,0.014112655,-57.593636,14.056264,13.287277,0.014112655,-57.30838,14.386958,13.572531,0.014112655,82.34245964355469,11.4615487701416,70.88091087341309,86.08063346691787,13.609244,0.014112655,13.595132,99.89629983901978,0.13919366533082117,True,True
Global Scaler,71,72,25.96,28.904,-15.225504,8.363151,25.793972,0.01435132,-14.978895,8.411152,26.040579,0.01435132,-14.810488,8.446937,26.20899,0.01435132,-14.692663,8.473402,26.326813,0.01435132,-14.418619,8.539441,26.600857,0.01435132,-14.229403,8.58864,26.790073,0.01435132,43.59666319274902,2.577187255859375,41.01947593688965,94.08856763999313,8.473402,0.01435132,8.459051,99.83063340187073,0.05911432360006882,True,True
Global Scaler,72,73,24.0438,38.8586,-28.151796,10.189391,24.162594,0.019240363,-23.9942,11.113616,28.32019,0.019240363,-21.154943,11.843368,31.159447,0.019240363,-19.168535,12.392819,33.145855,0.019240363,-14.548384,13.770852,37.766006,0.019240363,-11.358316,14.78779,40.956074,0.019240363,58.02713523254395,5.712745050048831,52.31439018249512,90.15504551938504,12.392819,0.019240363,12.373579,99.84474778175354,0.09844954480614948,True,True
Global Scaler,73,74,47.16,52.79,6.5742226,8.099221,45.591175,0.03079269,6.9274883,8.142327,45.94444,0.03079269,7.1687336,8.17505,46.185684,0.03079269,7.337517,8.199509,46.354465,0.03079269,7.7300835,8.261308,46.747032,0.03079269,8.001137,8.307923,47.018085,0.03079269,45.45248321533203,6.4355345153808585,39.01694869995117,85.8411816910148,8.199509,0.03079269,8.168716,99.62446093559265,0.14158818308985205,True,True
Global Scaler,74,75,32.5843,37.9775,9.672617,4.8701444,29.452122,0.6447683,12.285967,5.04326,32.064945,0.64481574,14.070646,5.2011003,33.847843,0.6449766,15.31925,5.328923,35.0934,0.64525056,18.223354,5.6755366,37.973835,0.64737576,20.228544,5.9500794,39.924335,0.65225047,22.658249893188476,2.8841009521484366,19.77414894104004,87.27129868483155,5.328923,0.64525056,4.683673,87.89154291152954,0.12728701315168456,True,True
Global Scaler,75,76,10.0192,11.0138,-16.566664,8.131794,8.90839,0.18444268,-16.293535,8.29827,9.181519,0.18444268,-16.107012,8.414177,9.368038,0.18444268,-15.976522,8.496294,9.498531,0.18444268,-15.673006,8.690402,9.802044,0.18444268,-15.463438,8.826853,10.011614,0.18444268,26.99032244567871,1.5152686584472654,25.475053787231445,94.38588160072216,8.496294,0.18444268,8.3118515,97.8291392326355,0.05614118399277841,True,True
Global Scaler,76,77,44.16,43.12,24.03788,4.8809013,42.087147,1.219864,24.827911,4.958517,42.876747,1.2199808,25.367434,5.0426674,43.41481,1.2203754,25.744894,5.1158314,43.78979,1.2210467,26.622824,5.3284326,44.64841,1.226263,27.229008,5.5069747,45.20996,1.2382108,17.375105972290037,0.6697911071777369,16.7053148651123,96.14511066438429,5.1158314,1.2210467,3.8947847,76.13199949264526,0.0385488933561571,True,True
Global Scaler,77,78,10.08,27.44,-30.119833,9.907967,9.780354,0.052541215,-23.847094,11.065993,16.053093,0.052541215,-19.563375,12.189819,20.33681,0.052541215,-16.566393,13.095195,23.33379,0.052541215,-9.595766,15.472571,30.304417,0.052541215,-4.7827663,17.2705,35.117416,0.052541215,44.00639289855957,4.106210174560548,39.90018272399902,90.66905987040134,13.095195,0.052541215,13.042654,99.59877729415894,0.09330940129598657,True,True
Global Scaler,78,79,55.3153,57.8378,20.790596,3.926828,53.770927,0.92824686,24.431925,3.9732363,57.41082,0.928611,26.918625,4.0437737,59.892647,0.9298429,28.658377,4.1109357,61.6241,0.931939,32.70483,4.3194704,65.60598,0.94806916,35.49878,4.5018773,68.25093,0.9841652,29.179423306274415,3.786299731445311,25.393123574829104,87.02407620704709,4.1109357,0.931939,3.1789966,77.3302435874939,0.12975923792952918,True,True
Global Scaler,79,80,21.4342,34.0268,-37.374687,7.950668,21.226543,0.015664797,-34.429596,8.264501,24.171627,0.015664797,-32.418373,8.589822,26.182856,0.015664797,-31.011267,8.865094,27.589954,0.015664797,-27.73852,9.635892,30.862705,0.015664797,-25.478796,10.257434,33.12243,0.015664797,65.03806670837403,6.436845623779298,58.601221084594734,90.10295669974072,8.865094,0.015664797,8.849429,99.82329607009888,0.09897043300259288,True,True
Global Scaler,80,81,19.1,23.1,-53.79045,11.420046,-15.902662,0.010286153,-53.70665,11.48462,-15.818861,0.010286153,-53.649414,11.52959,-15.761629,0.010286153,-53.609383,11.561461,-15.72159,0.010286153,-53.51625,11.6368885,-15.628466,0.010286153,-53.45195,11.690014,-15.564165,0.010286153,76.70938262939453,38.82159004211426,37.887792587280266,49.391340783339736,11.561461,0.010286153,11.551175,99.91102814674377,0.5060865921666027,True,True
Global Scaler,81,82,29.552,34.04,13.45546,7.197609,28.738243,0.10057848,13.538723,7.252138,28.821505,0.10057848,13.595585,7.290746,28.878368,0.10057848,13.635366,7.3184075,28.918148,0.10057848,13.727894,7.3847804,29.010675,0.10057848,13.79178,7.4322367,29.074562,0.10057848,20.404633560180663,5.121851959228515,15.282781600952148,74.89858397053631,7.3184075,0.10057848,7.217829,98.62567782402039,0.2510141602946368,True,True
Global Scaler,82,83,36.3328,57.9994,-10.372671,8.516609,36.008915,0.041026745,-5.6034107,8.873226,40.778175,0.041026745,-2.3464375,9.199448,44.03515,0.041026745,-0.06778155,9.463396,46.313805,0.041026745,5.232092,10.17668,51.613678,0.041026745,8.891487,10.738726,55.27307,0.041026745,58.06718155267239,11.685595373535158,46.38158617913723,79.87573176263906,9.463396,0.041026745,9.422369,99.5664656162262,0.20124268237360934,True,True
Global Scaler,83,84,32.361945,35.500073,10.577236,4.6768265,27.557577,0.32144266,10.8539505,4.78688,27.834288,0.32144284,11.042923,4.863538,28.023235,0.32144353,11.175129,4.9178567,28.155401,0.32144475,11.482632,5.046277,28.462597,0.3214537,11.69495,5.136554,28.6742,0.32147458,24.324944063232422,7.344671770141602,16.98027229309082,69.8060075655294,4.9178567,0.32144475,4.5964117,93.4637188911438,0.30193992434470596,True,True
Global Scaler,84,85,27.624,28.584,-3.652502,5.922751,27.629978,0.016826712,-3.4885006,5.945018,27.793978,0.016826712,-3.376501,5.9614367,27.905977,0.016826712,-3.2981434,5.973504,27.984335,0.016826712,-3.1159,6.0034,28.16658,0.016826712,-2.9900608,6.0255194,28.29242,0.016826712,31.88214338684082,0.5996650543212887,31.28247833251953,98.11911938590428,5.973504,0.016826712,5.9566774,99.71831440925598,0.01880880614095717,True,True
Global Scaler,85,86,27.99536,28.30944,-15.116152,6.5788374,27.392044,0.016073821,-14.824717,6.668896,27.683481,0.016073821,-14.625689,6.736803,27.882507,0.016073821,-14.486444,6.787307,28.021753,0.016073821,-14.1625805,6.913974,28.345615,0.016073821,-13.938963,7.0086527,28.569235,0.016073821,42.7958844732666,0.28768668884277204,42.50819778442383,99.32777019943944,6.787307,0.016073821,6.771233,99.76317882537842,0.0067222980056057015,True,True
Global Scaler,86,87,43.71,50.26,-1.2588254,7.4238753,43.556103,0.016239189,3.3468342,7.889129,48.161762,0.016239189,6.4920883,8.281505,51.30702,0.016239189,8.692574,8.586987,53.507504,0.016239189,13.81065,9.380571,58.62558,0.016239189,17.344519,9.984791,62.159447,0.016239189,41.56742645263672,3.2475035095214864,38.31992294311523,92.18738376016182,8.586987,0.016239189,8.570747,99.81088638305664,0.07812616239838177,True,True
Global Scaler,87,88,48.83,60.8,9.122393,6.1924334,49.11974,0.03353283,14.1065445,6.4401217,54.10389,0.03353283,17.510271,6.6733856,57.507614,0.03353283,19.891592,6.8643365,59.88894,0.03353283,25.430267,7.3856916,65.42761,0.03353283,29.254549,7.7996573,69.251884,0.033535656,40.90840797424316,0.9110610961914034,39.99734687805176,97.77292458615102,6.8643365,0.03353283,6.830804,99.51149225234985,0.02227075413848976,True,True
Global Scaler,88,89,66.19,71.63,40.583466,5.148572,63.8308,0.48344934,42.356377,5.417258,65.60347,0.4834716,43.567116,5.6132503,66.8134,0.48354697,44.414177,5.75576,67.65907,0.48367578,46.38434,6.102464,69.61843,0.48467615,47.744675,6.3528504,70.95377,0.4869807,27.215823059082027,3.970927124023433,23.244895935058594,85.40949095897976,5.75576,0.48367578,5.272084,91.59666299819946,0.14590509041020236,True,True
Global Scaler,89,90,46.03,57.4,26.758121,5.0744953,44.933044,0.45153403,29.467697,5.5339446,47.642487,0.4515562,31.31809,5.891465,49.492443,0.45163107,32.612667,6.1589065,50.786274,0.45175913,35.623703,6.8256836,53.791492,0.45275295,37.702724,7.315492,55.857056,0.4550433,24.787332916259764,6.6137260437011705,18.173606872558594,73.31812153391154,6.1589065,0.45175913,5.707147,92.66494512557983,0.2668187846608846,True,True
Global Scaler,90,91,25.06,45.55,12.845831,6.459044,25.215527,0.16335402,16.940325,6.8621793,29.310017,0.16335607,19.736494,7.197728,32.10618,0.16336158,21.692757,7.4575315,34.062428,0.16337115,26.24279,8.129233,38.612354,0.16344798,29.384445,8.638907,41.75376,0.16362645,23.857243347167966,11.487572479248044,12.369670867919922,51.84870141079521,7.4575315,0.16337115,7.2941604,97.8093147277832,0.481512985892048,True,True
Global Scaler,91,92,12.4445,12.9032,-12.029612,4.968618,10.834379,0.25621185,-11.584948,5.059017,11.279043,0.25621185,-11.281275,5.1233034,11.582714,0.25621185,-11.068827,5.1694627,11.795164,0.25621185,-10.574686,5.2804346,12.289305,0.25621185,-10.2335,5.3598733,12.630491,0.25621185,23.972026675415037,1.1080358917236328,22.863990783691406,95.37779635102777,5.1694627,0.25621185,4.913251,95.04374265670776,0.04622203648972241,True,True
Global Scaler,92,93,33.51816,38.2196,-14.673971,7.0919333,26.508654,0.076471426,-13.973703,7.168465,27.208921,0.076471426,-13.4954815,7.23202,27.687143,0.076471426,-13.16091,7.281787,28.021717,0.076471426,-12.3827305,7.4138727,28.799894,0.076471426,-11.845419,7.517904,29.337204,0.076471426,51.38050965270996,10.197882928466797,41.182626724243164,80.15223477268695,7.281787,0.076471426,7.2053156,98.94982576370239,0.19847765227313058,True,True
Global Scaler,93,94,52.4,58.6,0.47706023,5.372993,46.57546,0.0227513,2.3933048,5.5502944,48.491703,0.0227513,3.7019215,5.726553,49.800323,0.0227513,4.6174583,5.8740873,50.71586,0.0227513,6.746895,6.2854943,52.845295,0.0227513,8.217203,6.617825,54.3156,0.0227513,53.98254165649414,7.884141540527345,46.0984001159668,85.39501605779083,5.8740873,0.0227513,5.851336,99.61268305778503,0.14604983942209168,True,True
Global Scaler,94,95,28.7857,31.0,3.3677387,5.094566,28.611298,0.18819556,5.736189,5.1294403,30.979744,0.18819657,7.3536263,5.1824074,32.59717,0.18819936,8.485224,5.2331176,33.72875,0.18820414,11.11718,5.392503,36.360573,0.18824239,12.9344635,5.5342627,38.177544,0.18833147,22.5147762298584,2.728748321533203,19.786027908325195,87.88018902042464,5.2331176,0.18820414,5.0449133,96.40359282493591,0.12119810979575367,True,True
Global Scaler,95,96,13.4,16.1,-55.082924,11.106756,7.4981136,0.01366244,-54.978485,11.175066,7.6025467,0.01366244,-54.907166,11.224004,7.6738663,0.01366244,-54.85727,11.259329,7.7237663,0.01366244,-54.74122,11.344906,7.839819,0.01366244,-54.66108,11.406739,7.9199543,0.01366244,70.95726928710937,8.376233673095705,62.581035614013665,88.19538328172757,11.259329,0.01366244,11.2456665,99.87865686416626,0.11804616718272436,True,True
Global Scaler,96,97,30.152,32.072,13.64913,5.715559,30.111006,0.084541544,16.18794,6.063063,32.64982,0.08454182,17.921719,6.34427,34.38359,0.08454253,19.134706,6.559386,35.596565,0.084544905,21.955976,7.1096883,38.41777,0.08455906,23.903975,7.524067,40.36561,0.08459183,12.93729350280762,3.5245652465820285,9.412728256225591,72.75654876487778,6.559386,0.084544905,6.4748406,98.71107935905457,0.2724345123512221,True,True
Global Scaler,97,98,29.6,34.8,-26.715815,9.591149,22.951328,0.029927889,-25.955667,9.528277,23.711477,0.029927889,-25.436556,9.500648,24.230587,0.029927889,-25.07337,9.488775,24.593773,0.029927889,-24.228643,9.485041,25.438501,0.029927889,-23.645388,9.501957,26.021755,0.029927889,59.873369979858396,10.206227111816403,49.66714286804199,82.95364514265722,9.488775,0.029927889,9.458847,99.68459606170654,0.17046354857342777,True,True
Global Scaler,98,99,14.03,23.68,-26.638094,7.615167,12.488464,0.02200727,-25.144583,7.7229276,13.981977,0.02200727,-24.124651,7.825783,15.001907,0.02200727,-23.411081,7.9113064,15.715477,0.02200727,-21.75141,8.151202,17.375153,0.02200727,-20.605452,8.348223,18.521107,0.02200727,47.091081314086914,7.964523010253906,39.12655830383301,83.0869821036125,7.9113064,0.02200727,7.889299,99.72182512283325,0.16913017896387492,True,True
Global Scaler,99,100,33.10984,35.9556,-26.933954,8.4911375,-12.31082,0.0070746783,-26.749582,8.589189,-12.1264515,0.0070746783,-26.623674,8.658785,-12.000544,0.0070746783,-26.535585,8.7087145,-11.912455,0.0070746783,-26.330706,8.828689,-11.707575,0.0070746783,-26.189238,8.914574,-11.566107,0.0070746783,62.49118540344238,47.868054605102536,14.623130798339844,23.400309505945643,8.7087145,0.0070746783,8.70164,99.91876482963562,0.7659969049405435,True,True
Max Normalization,0,1,53.76,55.02,41.83194,3.4106114,53.053284,1.886488,43.424908,3.4118483,54.644936,1.8879602,44.512756,3.434868,55.72836,1.8929276,45.27385,3.461481,56.481888,1.9013677,47.044037,3.555563,58.193398,1.9654548,48.266304,3.6453125,59.280987,2.1040018,9.746150512695316,1.4618878173828094,8.284262695312506,85.00035664872446,3.461481,1.9013677,1.5601134,45.07068991661072,0.14999643351275535,True,True
Max Normalization,1,2,30.0,33.68,48.398697,5.5299897,31.06419,1.2781252,51.317566,5.601356,33.985104,1.2795856,53.31089,5.6856833,35.985313,1.2845144,54.705467,5.7611094,37.39164,1.292871,57.94908,5.985601,40.726448,1.3558067,60.188694,6.177502,43.175346,1.4891022,21.025467224121094,3.7116397094726565,17.313827514648438,82.34693350731087,5.7611094,1.292871,4.4682384,77.55864262580872,0.17653066492689132,True,True
Max Normalization,2,3,56.3916,59.1157,27.27665,5.6617165,52.369774,2.491744,33.117607,6.675681,58.20041,2.4944277,37.106453,7.496862,62.154358,2.5034692,39.897137,8.114111,64.88562,2.518766,46.38794,9.643986,70.91857,2.6324713,50.869637,10.75392,74.37226,2.8645387,19.218563311767575,5.769920117187503,13.448643194580072,69.97735978706292,8.114111,2.518766,5.595345,68.95820498466492,0.30022640212937074,True,True
Max Normalization,3,4,46.19,48.9,41.181877,4.494217,46.139027,0.75997376,42.021797,4.4293876,46.978832,0.76038146,42.595387,4.3911805,47.552036,0.76175594,42.99668,4.3674607,47.952675,0.7640939,43.930054,4.32212,48.880936,0.78204304,44.574512,4.299014,49.513584,0.8219575,5.903318786621092,0.9473251342773423,4.95599365234375,83.95266851547471,4.3674607,0.7640939,3.6033669,82.50485062599182,0.16047331484525282,True,True
Max Normalization,4,5,35.2,36.8,25.065807,4.3736324,33.967968,2.3610835,27.749386,4.0760236,36.650047,2.3622463,29.582024,3.9530745,38.477623,2.366177,30.86418,3.9100454,39.75114,2.3728588,33.84632,3.9526358,42.666336,2.4238136,35.905396,4.095151,44.572357,2.5350943,5.9358203887939425,2.9511405944824247,2.9846797943115178,50.282515285438976,3.9100454,2.3728588,1.5371866,39.31377828121185,0.49717484714561017,True,True
Max Normalization,5,6,13.3,16.6,-1.5066471,5.9800057,0.47198966,0.071773805,-1.2452993,5.9793544,0.73333746,0.071773805,-1.0668224,5.982172,0.91181445,0.071773805,-0.94195604,5.9857154,1.0366808,0.071773805,-0.65153134,5.998947,1.3271047,0.071773805,-0.45100242,6.012139,1.5276327,0.071773805,17.54195604324341,15.563319182395936,1.9786368608474731,11.27945399002171,5.9857154,0.071773805,5.9139414,98.80090951919556,0.887205460099783,True,True
Max Normalization,6,7,28.32,35.44,11.3171015,7.6315603,25.8391,0.20805189,11.9924345,7.542581,26.514431,0.20805207,12.453625,7.4924703,26.975605,0.20805271,12.776285,7.462666,27.298243,0.20805368,13.526753,7.4103856,28.048525,0.20806186,14.044928,7.388399,28.566265,0.20808057,22.66371482849121,8.141757431030271,14.521957397460938,64.07580358011286,7.462666,0.20805368,7.2546124,97.21207618713379,0.35924196419887144,True,True
Max Normalization,7,8,19.0123,33.8272,22.277473,8.008015,19.242456,0.17584065,22.960394,7.899276,19.925377,0.17584112,23.426765,7.837798,20.391752,0.1758425,23.75305,7.8011136,20.71804,0.17584501,24.511948,7.7363734,21.476974,0.17586482,25.035942,7.708764,22.001049,0.17591053,10.07415014953613,13.109159533691404,-3.0350093841552734,-30.126703881766364,7.8011136,0.17584501,7.6252685,97.74589538574219,1.3012670388176637,False,False
Max Normalization,8,9,49.44,51.52,41.352562,4.4615436,49.36934,0.6191733,41.982117,4.392649,49.998814,0.6193971,42.41204,4.3496394,50.428463,0.6201581,42.712826,4.321561,50.72878,0.6214554,43.41242,4.262854,51.424747,0.63144815,43.895462,4.227865,51.899395,0.6539666,8.807174224853519,0.791221160888675,8.015953063964844,91.0161745335311,4.321561,0.6214554,3.7001054,85.61965227127075,0.08983825466468896,True,True
Max Normalization,9,10,28.82,34.97,26.32059,8.168879,27.252449,0.16807118,26.616648,8.112006,27.548508,0.16807118,26.81883,8.074602,27.750692,0.16807118,26.960281,8.049133,27.892143,0.16807118,27.289278,7.9921618,28.22114,0.16807121,27.516443,7.9547024,28.448305,0.16807126,8.009718627929686,7.07785675048828,0.9318618774414062,11.634139983295135,8.049133,0.16807118,7.881062,97.911936044693,0.8836586001670487,True,True
Max Normalization,10,11,39.31232,46.07448,17.638802,5.3522186,38.362167,0.32774502,18.827515,5.4192934,39.550545,0.327801,19.6393,5.501332,40.36118,0.3279901,20.207243,5.575452,40.927162,0.32831296,21.528208,5.7977314,42.232864,0.33081198,22.440296,5.988657,43.109665,0.33651188,25.86723703430176,5.147317829589845,20.719919204711914,80.10101417958113,5.575452,0.32831296,5.247139,94.11145448684692,0.19898985820418869,True,True
Max Normalization,11,12,38.25,53.2493,16.258535,6.311511,38.137657,0.16905306,16.538654,6.188309,38.417774,0.16905306,16.729948,6.106882,38.60907,0.16905306,16.863783,6.0512753,38.742905,0.16905306,17.175066,5.926473,39.054176,0.16906133,17.389997,5.8441677,39.26909,0.1690729,36.38551711730957,14.50639533691406,21.879121780395508,60.131402584868084,6.0512753,0.16905306,5.882222,97.20632433891296,0.39868597415131907,True,True
Max Normalization,12,13,51.62,53.38,36.06405,4.4795723,50.697372,2.5778751,37.171547,4.244841,51.802288,2.5811145,37.92787,4.10141,52.549862,2.5920377,38.457012,4.0101404,53.064087,2.6105409,39.687733,3.8299809,54.179195,2.7491128,40.537506,3.7344468,54.76483,3.0384815,14.92298782348633,0.31591308593750256,14.607074737548828,97.88304400114629,4.0101404,2.6105409,1.3995996,34.9015086889267,0.0211695599885371,True,True
Max Normalization,13,14,2.9,25.4,-32.4287,8.503917,-14.64254,0.13808501,-31.730755,8.699797,-13.944606,0.13808505,-31.25412,8.84133,-13.46801,0.13808517,-30.920654,8.94391,-13.134615,0.13808542,-30.145056,9.193233,-12.359558,0.13808733,-29.609528,9.373647,-11.825286,0.13809173,56.320654296875,38.534614944458006,17.786039352416992,31.57995867495429,8.94391,0.13808542,8.805824,98.45609664916992,0.6842004132504571,True,True
Max Normalization,14,15,20.48,24.52,10.796662,9.976564,20.458176,0.24028248,11.365056,9.93164,21.02655,0.24032898,11.753218,9.910046,21.414642,0.24048239,12.024785,9.899355,21.686094,0.24074249,12.656417,9.888616,22.316814,0.24277495,13.092539,9.892757,22.750828,0.24741156,12.495214958190918,2.8339057159423824,9.661309242248535,77.320072320287,9.899355,0.24074249,9.658612,97.5680947303772,0.2267992767971301,True,True
Max Normalization,15,16,37.33,42.48,18.97197,6.780067,37.317154,0.72649586,22.802319,7.795873,41.147236,0.72686285,25.418102,8.613981,43.762123,0.7280939,27.248163,9.229953,45.590652,0.7301927,31.504667,10.763268,49.835243,0.746313,34.44365,11.881529,52.74668,0.78228503,15.231836776733395,3.1106524658203156,12.12118431091308,79.5779556240267,9.229953,0.7301927,8.49976,92.08887219429016,0.20422044375973303,True,True
Max Normalization,16,17,52.26,53.8,33.871883,5.2020273,51.332855,0.84312683,34.936794,5.0253606,52.397377,0.84328896,35.66403,4.9156423,53.12329,0.8438361,36.17282,4.8445373,53.629837,0.8447676,37.356213,4.6984463,54.795704,0.8519843,38.1733,4.6143656,55.572296,0.86840504,17.627178955078122,0.17016296386718466,17.457015991210938,99.03465571943852,4.8445373,0.8447676,3.9997697,82.56247043609619,0.009653442805614865,True,True
Max Normalization,17,18,45.63,56.67,36.23464,14.78017,41.806637,0.06281725,36.61876,14.675886,42.19075,0.06281725,36.881073,14.607262,42.45307,0.06281725,37.064598,14.560517,42.636597,0.06281725,37.49145,14.455896,43.06345,0.06281725,37.786182,14.387056,43.358177,0.06281725,19.605401916503908,14.033403320312502,5.571998596191406,28.420731285803814,14.560517,0.06281725,14.4977,99.56857562065125,0.7157926871419619,True,True
Max Normalization,18,19,37.3,38.9,14.941265,5.6946273,33.70187,5.699827,17.166874,5.8149667,35.9198,5.705139,18.686764,5.9343696,37.413734,5.7230377,19.750113,6.034798,38.432873,5.7533407,22.223335,6.317975,40.56549,5.979357,23.931017,6.5502114,41.50829,6.4443655,19.149887466430663,0.4671272277832017,18.68276023864746,97.56067899301202,6.034798,5.7533407,0.28145742,4.663907736539841,0.024393210069879816,True,True
Max Normalization,19,20,36.32016,40.74488,30.831549,9.726713,36.139866,0.08408694,31.26223,9.561867,36.57055,0.08408694,31.556343,9.462112,36.864662,0.08408714,31.762114,9.39872,37.07043,0.08408734,32.24071,9.272298,37.54902,0.0840904,32.571167,9.202659,37.879456,0.08409642,8.98276642883301,3.6744492443847676,5.308317184448242,59.09445855576887,9.39872,0.08408734,9.314632,99.10533428192139,0.4090554144423113,True,True
Max Normalization,20,21,30.656,33.088,18.238625,5.237158,30.381384,0.5028775,19.819746,4.948419,31.962452,0.50291115,20.89951,4.866908,33.042046,0.5030249,21.654934,4.869303,33.79718,0.50321925,23.411968,5.061714,35.551956,0.5047286,24.625145,5.3343973,36.759907,0.50820297,11.433066070556642,0.709180175781249,10.723885894775393,93.79711294061715,4.869303,0.50321925,4.366084,89.66547846794128,0.062028870593828486,True,True
Max Normalization,21,22,58.5124,60.4959,82.76491,7.4981804,60.64144,0.46226415,83.65132,7.3295918,61.527885,0.46226805,84.25667,7.2217455,62.13335,0.46228096,84.680176,7.1499753,62.55706,0.46230322,85.66521,6.9953465,63.543663,0.46247575,86.34535,6.899091,64.22745,0.46287552,24.18427578125,2.06116024169922,22.12311553955078,91.47727118089998,7.1499753,0.46230322,6.687672,93.5342013835907,0.08522728819100019,True,True
Max Normalization,22,23,10.4902,12.4762,-1.4366677,9.24708,10.181342,0.92308885,-0.8262241,9.207192,10.791775,0.9231034,-0.40934622,9.204694,11.208618,0.92315024,-0.11768907,9.214911,11.500214,0.9232301,0.5606708,9.276532,12.178092,0.9238618,1.0290569,9.349525,12.645367,0.92531794,12.593889073085785,0.9759863769531254,11.61790269613266,92.25031782248352,9.214911,0.9232301,8.291681,89.98112678527832,0.07749682177516487,True,True
Max Normalization,23,24,46.1,51.0,56.187664,8.835394,48.328075,0.15113401,56.771683,8.639889,48.912094,0.15113404,57.170517,8.509831,49.310932,0.15113422,57.449547,8.420589,49.589966,0.15113442,58.09854,8.218876,50.23901,0.15113631,58.546654,8.084633,50.687233,0.15114062,6.449546813964844,1.4100341796875,5.039512634277344,78.13746887402334,8.420589,0.15113442,8.269455,98.20517897605896,0.2186253112597666,True,True
Max Normalization,24,25,46.32,51.46,35.47039,7.629941,46.261757,0.17975293,35.93916,7.623805,46.73052,0.17976174,36.259285,7.644252,47.05062,0.1797949,36.483253,7.6703625,47.274544,0.17984824,37.004177,7.7680373,47.795113,0.18026875,37.363857,7.864812,48.153984,0.18123844,14.976746520996095,4.18545623779297,10.791290283203125,72.05363506736711,7.6703625,0.17984824,7.4905143,97.65528440475464,0.27946364932632894,True,True
Max Normalization,25,26,41.784,47.6,51.454258,11.292551,43.25905,0.14187944,51.565205,11.087514,43.369995,0.14187944,51.64097,10.951276,43.44576,0.14187944,51.693974,10.857862,43.498764,0.1418795,51.81726,10.646889,43.622055,0.14187966,51.902386,10.506578,43.70719,0.14188015,4.093973541259764,4.101235961914064,-0.007262420654299717,-0.17739295530632532,10.857862,0.1418795,10.715983,98.69330525398254,1.0017739295530632,False,False
Max Normalization,26,27,41.832,43.912,19.795267,4.275086,41.066414,1.3558787,22.707129,5.052944,43.977757,1.356238,24.695663,5.8380375,45.964542,1.3574526,26.086887,6.4652605,47.352783,1.3595213,29.32271,8.079127,50.565395,1.3754995,31.556946,9.273005,52.74599,1.4116702,17.82511264038086,3.440783203125001,14.384329437255857,80.69699040593842,6.4652605,1.3595213,5.105739,78.97189855575562,0.19303009594061582,True,True
Max Normalization,27,28,26.022,36.57144,4.511681,7.060334,25.067848,0.18052457,6.3377066,6.9756346,26.893867,0.18052533,7.5847173,6.983295,28.140852,0.18052779,8.457153,7.0202975,29.013243,0.18053217,10.486337,7.204265,31.04208,0.18056616,11.887424,7.406797,32.442368,0.18064447,28.114286679687503,7.558197278442385,20.556089401245117,73.11616914007224,7.0202975,0.18053217,6.8397655,97.4284291267395,0.2688383085992775,True,True
Max Normalization,28,29,35.6341,43.6449,7.650171,5.9621243,33.76972,2.2836633,9.953821,6.229816,36.070408,2.285277,11.527004,6.4542317,37.633587,2.2907267,12.62764,6.6292243,38.71716,2.299988,15.187588,7.0866675,41.144646,2.3704472,16.955149,7.43826,42.608147,2.5235083,31.017260229492187,4.927740728759765,26.089519500732422,84.11290780584704,6.6292243,2.299988,4.329236,65.30531644821167,0.15887092194152966,True,True
Max Normalization,29,30,32.6513,50.9846,32.11224,7.1296816,32.791134,0.18615547,34.5215,6.7666907,35.20039,0.18615998,36.166805,6.5533857,36.84569,0.18617497,37.317894,6.4226418,37.99678,0.186201,39.995197,6.183181,40.67405,0.18640333,41.843792,6.0749035,42.52256,0.18687063,13.666706018066407,12.987819604492188,0.6788864135742188,4.96744725961603,6.4226418,0.186201,6.2364407,97.10086584091187,0.9503255274038397,True,False
Max Normalization,30,31,7.5,25.2,-21.972454,9.380826,-6.857183,0.14100784,-21.103525,9.499522,-5.988264,0.14100789,-20.510124,9.588119,-5.3948975,0.14100802,-20.094969,9.653635,-4.9797974,0.14100827,-19.129364,9.81691,-4.0146327,0.1410102,-18.462646,9.93822,-3.3489323,0.14101465,45.29496879577637,30.17979736328125,15.11517143249512,33.370530622607625,9.653635,0.14100827,9.512627,98.5393226146698,0.6662946937739238,True,True
Max Normalization,31,32,12.42856,21.0,-8.364326,8.297878,11.499199,0.14429176,-6.6432185,8.318671,13.220301,0.14429232,-5.467858,8.363935,14.395649,0.14429337,-4.64555,8.410364,15.217936,0.14429516,-2.7329576,8.564075,17.130352,0.14431071,-1.4123726,8.706093,18.450535,0.1443463,25.645549774169922,5.782064437866211,19.86348533630371,77.45392674837535,8.410364,0.14429516,8.266069,98.28432202339172,0.22546073251624651,True,True
Max Normalization,32,33,26.14528,30.88616,10.6940975,7.521749,25.858017,0.124014065,11.581858,7.508125,26.745775,0.12401444,12.188118,7.5072713,27.352026,0.124016695,12.61227,7.510755,27.776169,0.12401913,13.5988,7.531822,28.762608,0.12404222,14.279966,7.5568824,29.44356,0.124095336,18.27388964477539,3.109991176757813,15.163898468017578,82.98123039367825,7.510755,0.12401913,7.386736,98.34877848625183,0.17018769606321754,True,True
Max Normalization,33,34,30.1276,32.7158,37.64847,5.826202,31.146708,0.9390156,38.642185,5.856759,32.14044,0.9390267,39.320797,5.9006743,32.819138,0.9390641,39.795574,5.94228,33.29405,0.93912697,40.89984,6.072516,34.399384,0.9396212,41.662308,6.1885114,35.16433,0.9407634,7.07977418823242,0.5782483093261703,6.50152587890625,91.83239049788763,5.94228,0.93912697,5.003153,84.19584631919861,0.08167609502112373,True,True
Max Normalization,34,35,19.6,24.1,20.224789,5.800571,19.942879,2.6943655,24.490183,5.8100076,24.208317,2.6952195,27.403065,5.9133716,27.121346,2.6981063,29.440979,6.0302877,29.159512,2.7030187,34.18093,6.4311075,33.901405,2.7406633,37.453716,6.799546,37.178642,2.8239849,5.340979003906249,5.059511566162108,0.2814674377441406,5.269959637330214,6.0302877,2.7030187,3.327269,55.175960063934326,0.9473004036266979,True,False
Max Normalization,35,36,39.8528,40.93248,38.8692,5.9107456,39.939766,0.7159832,40.612583,5.826804,41.68312,0.7163625,41.803154,5.8043337,42.873592,0.7176416,42.63611,5.805688,43.706375,0.71981853,44.57345,5.8630047,45.64239,0.73652214,45.911133,5.9458156,46.977005,0.7736615,1.7036283984375018,2.7738951220703143,-1.0702667236328125,-62.82278016816445,5.805688,0.71981853,5.0858693,87.60149478912354,1.6282278016816445,False,False
Max Normalization,36,37,17.86048,27.90696,5.3821125,6.8388567,16.929396,0.14927562,7.0761175,6.859998,18.6234,0.14927581,8.23297,6.904846,19.780243,0.14927667,9.04233,6.950627,20.589584,0.14927803,10.924806,7.101492,22.471943,0.14928848,12.224594,7.240241,23.771458,0.14931273,18.864630211791994,7.317375649414064,11.54725456237793,61.211136570066,6.950627,0.14927803,6.8013487,97.85230755805969,0.3878886342993399,True,True
Max Normalization,37,38,31.4234,46.7518,25.06593,6.6851273,31.270697,0.22417918,25.861553,6.462362,32.066315,0.22418065,26.404894,6.330931,32.60965,0.22418603,26.785027,6.249646,32.989765,0.22419558,27.669167,6.096657,33.873787,0.2242685,28.279638,6.0220184,34.48398,0.22443682,19.966773449707034,13.762034832763675,6.204738616943359,31.075319367809023,6.249646,0.22419558,6.0254507,96.4126706123352,0.6892468063219098,True,True
Max Normalization,38,39,37.353,55.6864,27.7279,8.63443,37.193836,0.17246401,29.587845,8.471007,39.053772,0.17246766,30.85802,8.396251,40.323914,0.17247914,31.746662,8.36227,41.2125,0.17249925,33.813538,8.342592,43.278954,0.17265615,35.24065,8.37763,44.70507,0.17301852,23.93973786010742,14.473898474121093,9.465839385986328,39.54028002019172,8.36227,0.17249925,8.189771,97.93716669082642,0.6045971997980828,True,True
Max Normalization,39,40,14.1,16.4,1.4901428,5.033474,4.3538113,0.09216446,1.8236209,5.023781,4.6872897,0.09216446,2.0513563,5.02193,4.9150248,0.09216446,2.2106853,5.0229406,5.0743527,0.092164464,2.581265,5.032618,5.4449296,0.09216447,2.8371387,5.0452547,5.700796,0.092164494,14.189314746856688,11.325647258758544,2.8636674880981445,20.181858949407854,5.0229406,0.092164464,4.930776,98.16513061523438,0.7981814105059215,True,True
Max Normalization,40,41,27.5566865,30.400615,2.202976,8.544756,23.095884,0.16593674,2.5073524,8.941179,23.400238,0.16593726,2.7152138,9.21733,23.608015,0.16593902,2.8606386,9.4129095,23.753298,0.16594194,3.1988788,9.874663,24.090414,0.16596504,3.4324229,10.198549,24.321365,0.16601846,27.53997638153076,6.647317194213866,20.892659187316895,75.8630250726294,9.4129095,0.16594194,9.246967,98.23707938194275,0.24136974927370602,True,True
Max Normalization,41,42,45.98,47.54,23.02022,4.575614,44.439995,1.0552045,24.471592,4.4358344,45.890045,1.0556167,25.462751,4.376481,46.876755,1.0570059,26.156187,4.3532,47.56259,1.0593737,27.769035,4.358405,49.11637,1.0775652,28.882656,4.410201,50.093872,1.1181804,21.383812942504882,0.022591552734375853,21.361221389770506,99.89435208400336,4.3532,1.0593737,3.293826,75.66447854042053,0.0010564791599663842,True,True
Max Normalization,42,43,35.1813,35.1859,40.175964,8.063294,35.75061,0.45921034,40.81118,8.065449,36.385826,0.45921147,41.24498,8.075179,36.819633,0.45921463,41.54847,8.085957,37.12314,0.45921987,42.254364,8.123585,37.82913,0.4592624,42.74176,8.159715,38.31676,0.45936033,6.362569543457035,1.9372384277343784,4.425331115722656,69.55257754743847,8.085957,0.45921987,7.6267366,94.32077407836914,0.30447422452561523,True,True
Max Normalization,43,44,30.33,43.17,30.397312,6.3360906,30.428679,0.49783987,32.305443,6.1239967,32.336807,0.49784067,33.60852,6.023692,33.639885,0.4978435,34.520184,5.9762278,34.551548,0.49784833,36.640606,5.940647,36.671967,0.49788576,38.10469,5.977774,38.136032,0.4979723,8.64981643676758,8.618451995849611,0.03136444091796875,0.36260238754488044,5.9762278,0.49784833,5.4783792,91.66951775550842,0.9963739761245511,True,False
Max Normalization,44,45,18.32256,19.0968,9.625932,5.5907874,17.386135,0.46559495,10.378719,5.6394362,18.138865,0.46560854,10.892806,5.686473,18.65275,0.46565425,11.252472,5.725879,19.012075,0.46573216,12.089014,5.8375483,19.845959,0.46633905,12.666618,5.930324,20.417414,0.46773922,7.844328076171877,0.08472457580566584,7.759603500366211,98.9199256458558,5.725879,0.46573216,5.260147,91.8661892414093,0.010800743541442037,True,True
Max Normalization,45,46,30.1,31.2,12.593472,6.904604,29.761814,1.2455144,14.689686,6.9635477,31.857872,1.2457166,16.121212,7.0648193,33.28887,1.2464006,17.122738,7.163923,34.289494,1.2475681,19.45217,7.478414,36.611908,1.2566023,21.060566,7.758086,38.204075,1.2772487,14.077262115478515,3.0894935607910163,10.987768554687499,78.05330656311362,7.163923,1.2475681,5.9163547,82.58540630340576,0.21946693436886383,True,True
Max Normalization,46,47,39.8,56.8,13.047178,8.881319,33.837593,0.119619936,14.779322,9.2047415,35.569733,0.11962,15.962221,9.449935,36.75262,0.1196202,16.789803,9.632283,37.580177,0.11962049,18.71466,10.087828,39.50484,0.1196229,20.043716,10.425623,40.833443,0.11962853,40.010197448730466,19.21982269287109,20.790374755859375,51.96268971804102,9.632283,0.11962049,9.512663,98.75813126564026,0.48037310281958984,True,True
Max Normalization,47,48,43.62,44.87,36.80417,3.2370806,43.214474,1.562346,37.79009,3.0677965,44.19996,1.5630435,38.463383,2.9678588,44.871788,1.5653969,38.934433,2.9063413,45.340332,1.5694036,40.03004,2.7927485,46.416473,1.6001527,40.78653,2.7404523,47.12812,1.6684852,5.93556701660156,0.47033203125000256,5.465234985351557,92.076038735061,2.9063413,1.5694036,1.3369377,46.000710129737854,0.07923961264938992,True,True
Max Normalization,48,49,35.16144,39.53104,6.788151,18.199745,35.141354,0.10417898,6.885668,18.138546,35.238873,0.10417898,6.952264,18.098328,35.305466,0.10417898,6.9988556,18.070955,35.35206,0.10417898,7.1072226,18.009748,35.460426,0.10417898,7.182047,17.96951,35.535248,0.10417898,32.532184409179685,4.178981589355466,28.35320281982422,87.15431605577561,18.070955,0.10417898,17.966776,99.42349791526794,0.12845683944224393,True,True
Max Normalization,49,50,32.8522775,37.1672035,12.222724,5.0071025,29.401445,0.11461447,12.606813,4.9835687,29.785519,0.114614815,12.869111,4.971135,30.047768,0.11461592,13.052621,4.964208,30.23119,0.1146178,13.479443,4.953768,30.657352,0.11463251,13.774149,4.9512095,30.950527,0.11466659,24.11458261224365,6.936013772216796,17.178568840026855,71.23726384260458,4.964208,0.1146178,4.8495903,97.69111275672913,0.2876273615739543,True,True
Max Normalization,50,51,41.3889,43.8889,36.245693,4.7511387,41.186836,1.2632,39.200985,4.6901817,44.141994,1.2634065,41.219185,4.76083,46.159744,1.264103,42.631157,4.862558,47.570946,1.2652898,45.915253,5.2489223,50.849014,1.2744833,48.18281,5.619517,53.102665,1.2954314,1.2577430786132808,3.682045739746094,-2.4243026611328133,-192.7502287514647,4.862558,1.2652898,3.597268,73.97892475128174,2.9275022875146473,False,False
Max Normalization,51,52,33.0189,38.1929,12.795955,5.1225386,31.77221,1.157025,14.88027,5.4323454,33.856018,1.1572279,16.303669,5.6697807,35.27773,1.1579127,17.29951,5.8468003,36.270683,1.1590796,19.615719,6.2885523,38.564457,1.1681135,21.214989,6.614584,40.11188,1.1886826,20.893390951538088,1.9222167114257829,18.971174240112305,90.79988157075921,5.8468003,1.1590796,4.687721,80.17582893371582,0.09200118429240788,True,True
Max Normalization,52,53,36.0,52.0,-2.1925404,13.313342,35.99464,0.0853838,-1.7707187,13.23016,36.416462,0.0853838,-1.4826525,13.175236,36.704525,0.0853838,-1.281115,13.137733,36.906063,0.0853838,-0.81236273,13.053483,37.374817,0.0853838,-0.48870385,12.997772,37.698467,0.08540997,53.28111505508423,15.093936920166016,38.18717813491821,71.67113168603683,13.137733,0.0853838,13.05235,99.35008883476257,0.2832886831396317,True,True
Max Normalization,53,54,38.0186,44.8013,8.797193,6.2664056,35.96168,2.506466,11.154103,6.5823402,38.314827,2.5085173,12.763661,6.8665285,39.911636,2.5154448,13.889744,7.0943475,41.015987,2.5272057,16.508879,7.70327,43.46651,2.616343,18.317308,8.177933,44.88861,2.8080182,30.911556195068357,3.7853126037597633,27.126243591308594,87.75437710132603,7.0943475,2.5272057,4.5671415,64.37718868255615,0.12245622898673972,True,True
Max Normalization,54,55,42.7,49.1,41.962284,9.661185,42.521748,0.20144628,42.755894,9.512894,43.315357,0.20144635,43.297863,9.421135,43.857327,0.20144665,43.67703,9.3616705,44.23649,0.20144713,44.55894,9.238886,45.118393,0.20145087,45.167866,9.167138,45.727295,0.20145953,5.422971343994142,4.863511657714845,0.5594596862792969,10.316478749217252,9.3616705,0.20144713,9.160223,97.8481650352478,0.8968352125078275,True,True
Max Normalization,55,56,25.3992235,28.5373515,0.7617846,7.2809772,19.319435,0.13705018,0.9905463,7.3724756,19.548183,0.13705036,1.1467698,7.4400373,19.704363,0.13705091,1.2560672,7.489684,19.813587,0.13705187,1.5102803,7.612498,20.06723,0.13705926,1.6858064,7.703085,20.24143,0.13707641,27.281284343208313,8.723764311279297,18.557520031929016,68.02289730376611,7.489684,0.13705187,7.352632,98.17011952400208,0.3197710269623388,True,True
Max Normalization,56,57,20.48,24.52,10.887463,8.927862,20.446869,0.7320281,13.01301,9.324018,22.571522,0.73391676,14.464564,9.629907,24.02006,0.7402656,15.480106,9.859327,25.030453,0.7509686,17.842133,10.436826,27.352505,0.82922494,19.47304,10.867331,28.891508,0.98485476,9.039893646240234,0.5104527282714848,8.52944091796875,94.35333259165293,9.859327,0.7509686,9.108358,92.38316416740417,0.05646667408347069,True,True
Max Normalization,57,58,18.0,29.35712,-3.7840033,8.819061,15.858562,0.117630295,-2.0145369,9.277839,17.628023,0.1176305,-0.80615103,9.64991,18.836401,0.11763087,0.039262176,9.935299,19.681793,0.117631614,2.0055943,10.668625,21.647968,0.11763725,3.3632846,11.223799,23.005295,0.117650285,29.31785782444,9.675326787109373,19.642531037330627,66.99852067962547,9.935299,0.117631614,9.817667,98.81601929664612,0.3300147932037453,True,True
Max Normalization,58,59,15.13512,28.46848,3.7516384,6.7164583,14.134383,0.1411851,5.4037757,6.994419,15.786519,0.14118516,6.532036,7.226868,16.914774,0.14118554,7.3213916,7.408081,17.704123,0.14118624,9.157341,7.8821516,19.540012,0.14119105,10.425005,8.247126,20.807533,0.14120251,21.147088417510986,10.764357456665039,10.382730960845947,49.097685486804224,7.408081,0.14118624,7.266895,98.09415936470032,0.5090231451319578,True,True
Max Normalization,59,60,23.5,28.5,27.815117,4.436417,24.481838,5.3891973,32.744434,4.742587,29.413908,5.3994603,36.11071,5.1381407,32.78948,5.43391,38.46583,5.485861,35.160397,5.491761,43.943565,6.4608955,40.758575,5.9058485,47.725773,7.230547,44.803047,6.674562,9.965831756591797,6.660396575927734,3.3054351806640625,33.16767994279771,5.485861,5.491761,-0.005900383,-0.10755619732663035,0.6683232005720229,True,True
Max Normalization,60,61,44.17,46.86,38.13655,4.3356867,44.080143,0.8662701,39.331055,4.2444296,45.27431,0.86713666,40.146793,4.197981,46.088905,0.8700574,40.717503,4.173426,46.657654,0.87501764,42.044903,4.142276,47.969856,0.9125921,42.96143,4.1422696,48.851337,0.9934911,6.142497406005859,0.20234619140624943,5.940151214599609,96.70579931855723,4.173426,0.87501764,3.2984085,79.03358936309814,0.032942006814427695,True,True
Max Normalization,61,62,27.3,29.2,2.8661733,3.965179,24.30217,1.3009722,5.334403,4.2132783,26.769743,1.3010986,7.019982,4.4890733,28.453094,1.3015269,8.199249,4.724445,29.628563,1.3022572,10.942087,5.3780007,32.341858,1.3079176,12.83593,5.895247,34.167473,1.3208692,21.000750732421874,0.42856292724609446,20.57218780517578,97.95929710939114,4.724445,1.3022572,3.4221878,72.43576645851135,0.020407028906088597,True,True
Max Normalization,62,63,25.4,29.42,22.822714,6.2274127,23.339344,0.26000088,23.285444,6.220539,23.802073,0.2600009,23.601448,6.2213564,24.118076,0.2600009,23.822533,6.224587,24.339159,0.2600009,24.336746,6.2405443,24.85337,0.26000097,24.691793,6.2584157,25.208414,0.26000106,5.597467346191408,5.080840988159181,0.5166263580322266,9.229644874726176,6.224587,0.2600009,5.9645863,95.82300186157227,0.9077035512527383,True,False
Max Normalization,63,64,10.9569,11.4552,-3.6311283,8.649017,10.610274,0.85762537,-3.0564191,8.527419,11.184971,0.8576384,-2.663945,8.451815,11.577405,0.8576845,-2.389361,8.40261,11.851916,0.8577644,-1.7507114,8.300251,12.49001,0.85838085,-1.3097441,8.239695,12.929692,0.8598041,13.844560904693603,0.3967163131713871,13.447844591522216,97.13449696308612,8.40261,0.8577644,7.5448456,89.79169130325317,0.02865503036913881,True,True
Max Normalization,64,65,29.99,42.49,25.40379,5.7286687,27.35225,0.42986548,27.37284,5.6267076,29.32129,0.42986602,28.717527,5.599065,30.665936,0.4298678,29.658298,5.6003757,31.606644,0.4298708,31.846424,5.6688995,33.794266,0.4298945,33.357254,5.7681947,35.30393,0.42994922,12.831701507568361,10.88335632324219,1.9483451843261719,15.183841232411805,5.6003757,0.4298708,5.170505,92.32425689697266,0.848161587675882,True,True
Max Normalization,65,66,30.04,30.952,19.140728,5.285092,29.672905,0.7170215,20.92644,5.142257,31.45857,0.71705526,22.145918,5.158062,32.677887,0.7171709,22.999094,5.2238727,33.5308,0.71736825,24.983479,5.5399346,35.51308,0.7189014,26.35363,5.875347,36.87838,0.7224345,7.952905990600588,2.5787998657226545,5.374106124877933,67.57411858293689,5.2238727,0.71736825,4.5065045,86.26750111579895,0.32425881417063107,True,True
Max Normalization,66,67,49.3694,54.2342,15.529306,5.554542,46.992664,2.255963,19.434317,6.3592796,50.888702,2.2596524,22.101088,6.961804,53.525154,2.272068,23.966818,7.40241,55.3392,2.293046,28.30629,8.472801,59.27922,2.4480417,31.302557,9.239916,61.37017,2.7610788,30.26738214416504,1.104999066162108,29.162383078002932,96.3492083296172,7.40241,2.293046,5.109364,69.02298331260681,0.036507916703828,True,True
Max Normalization,67,68,37.96608,40.5424,11.962112,11.36359,35.585827,0.26689243,12.601149,11.3550205,36.22474,0.26689973,13.037553,11.372737,36.660717,0.26692393,13.342869,11.396457,36.96531,0.2669654,14.053003,11.487312,37.66979,0.267288,14.543328,11.5786705,38.147026,0.2680329,27.19953119506836,3.5770908569335944,23.622440338134766,86.84870400419928,11.396457,0.2669654,11.129492,97.6574718952179,0.13151295995800724,True,True
Max Normalization,68,69,21.3904,26.44744,9.246016,7.308255,21.229553,0.14878376,10.140233,7.3153596,22.123772,0.14878438,10.750904,7.339877,22.734436,0.14878626,11.178142,7.3664308,23.161667,0.14878923,12.171848,7.4575896,24.15532,0.14881255,12.857971,7.5438957,24.841316,0.14886715,15.269298406066895,3.285773129882813,11.983525276184082,78.48117809671406,7.3664308,0.14878923,7.2176414,97.98017144203186,0.21518821903285934,True,True
Max Normalization,69,70,44.8,46.88,29.57211,8.214711,43.364693,0.90148634,29.90121,8.126461,43.693657,0.9015261,30.125957,8.071659,43.917953,0.90166056,30.283194,8.036013,44.07441,0.9018903,30.64891,7.9618645,44.43409,0.9036759,30.901424,7.91796,44.67263,0.9077894,16.596806411743167,2.8055905151367213,13.791215896606445,83.09560016828533,8.036013,0.9018903,7.1341224,88.77689242362976,0.1690439983171467,True,True
Max Normalization,70,71,17.8322,24.3357,5.7903028,5.517,16.865786,0.87457156,8.309905,5.6864653,19.385365,0.87458074,10.030565,5.884098,21.105938,0.87461245,11.234379,6.05807,22.309607,0.8746668,14.034305,6.561542,25.108402,0.87508535,15.967565,6.977293,27.039042,0.8760539,13.101321185302734,2.026093447875976,11.075227737426758,84.53519748719023,6.05807,0.8746668,5.1834035,85.56196093559265,0.1546480251280977,True,True
Max Normalization,71,72,25.96,28.904,16.847893,5.4323406,25.8568,0.49496952,18.597326,5.4531813,27.606184,0.49502787,19.79203,5.519739,28.800718,0.4952231,20.627872,5.5907207,29.63627,0.4955566,22.571945,5.828767,31.578083,0.498143,23.914265,6.047575,32.91517,0.50407356,8.276127532958984,0.7322705230712891,7.543857009887695,91.15201499547845,5.5907207,0.4955566,5.0951643,91.13609194755554,0.08847985004521537,True,True
Max Normalization,72,73,24.0438,38.8586,14.550482,8.441223,23.783083,0.16336441,16.155798,8.58224,25.388397,0.16336471,17.252083,8.710888,26.48468,0.16336557,18.019068,8.815807,27.25166,0.16336755,19.802986,9.104659,29.035522,0.16338167,21.034725,9.338256,30.267143,0.16341415,20.839532235717776,11.606940606689456,9.23259162902832,44.30325750404408,8.815807,0.16336755,8.65244,98.14687967300415,0.5569674249595592,True,True
Max Normalization,73,74,47.16,52.79,44.759552,6.9074326,47.184837,0.22075582,45.426846,6.7348566,47.852135,0.22076593,45.882553,6.619739,48.30784,0.22079885,46.20137,6.540595,48.626648,0.22085789,46.942917,6.3612194,49.368126,0.2213019,47.454926,6.2414365,49.87997,0.22233559,6.588629760742187,4.163352050781249,2.4252777099609375,36.810046975347696,6.540595,0.22085789,6.319737,96.62327170372009,0.631899530246523,True,True
Max Normalization,74,75,32.5843,37.9775,25.145535,8.97534,32.291397,0.31545672,26.106176,9.008235,33.252037,0.31545833,26.762209,9.042027,33.90806,0.31546396,27.221184,9.071074,34.367012,0.31547338,28.288704,9.155574,35.43437,0.31554806,29.025793,9.227474,36.17108,0.31572068,10.75631622314453,3.610487976074218,7.1458282470703125,66.43378735644202,9.071074,0.31547338,8.7556,96.52220010757446,0.33566212643557986,True,True
Max Normalization,75,76,10.0192,11.0138,-5.083506,10.444125,9.68384,0.82324004,-4.528817,10.411939,10.238518,0.8232545,-4.1500144,10.39692,10.617276,0.8233025,-3.8849952,10.3897915,10.882224,0.82338214,-3.2685928,10.383997,11.498055,0.8240117,-2.8429866,10.388809,11.922342,0.8254635,14.898795222091675,0.13157591705322247,14.767219305038452,99.11686874615121,10.3897915,0.82338214,9.566409,92.07508563995361,0.008831312538487943,True,True
Max Normalization,76,77,44.16,43.12,11.305309,7.2019486,38.80152,1.3844869,12.257147,7.236001,39.751213,1.384737,12.9071665,7.280184,40.393974,1.3855836,13.361933,7.3210154,40.836353,1.3870254,14.41967,7.4467096,41.797848,1.398155,15.150003,7.557674,42.306675,1.423296,29.758067245483396,2.2836466979980443,27.47442054748535,92.32595759946524,7.3210154,1.3870254,5.93399,81.05419278144836,0.07674042400534767,True,True
Max Normalization,77,78,10.08,27.44,-24.94579,11.818381,-0.23929834,0.082412705,-24.694002,11.853395,0.012488365,0.082412705,-24.522057,11.880993,0.18443346,0.082412705,-24.401758,11.902066,0.30473232,0.082412705,-24.121962,11.956658,0.58452845,0.082412705,-23.928768,11.998859,0.7777214,0.082412705,51.841758193969724,27.13526767730713,24.706490516662594,47.65750888351714,11.902066,0.082412705,11.8196535,99.30757880210876,0.5234249111648286,True,True
Max Normalization,78,79,55.3153,57.8378,20.0985,4.466038,52.121162,2.972708,24.489412,5.046919,56.496765,2.978901,27.488005,5.5457087,59.44361,2.9997125,29.585888,5.9312606,61.453396,3.034742,34.46532,6.9131446,65.65523,3.2887604,37.83441,7.641539,67.51044,3.7788892,28.251912091064455,3.615595843505858,24.636316247558597,87.2022968503806,5.9312606,3.034742,2.8965185,48.83478581905365,0.12797703149619394,True,True
Max Normalization,79,80,21.4342,34.0268,9.611561,7.5716286,21.116222,0.1466264,10.718769,7.4981,22.22343,0.1466264,11.474892,7.49325,22.97955,0.14662737,12.003891,7.511854,23.508545,0.1466283,13.234283,7.6241837,24.738903,0.14663705,14.083832,7.7562847,25.588367,0.14665672,22.022909008789064,10.518255078125001,11.504653930664062,52.23948355811079,7.511854,0.1466283,7.365226,98.04803729057312,0.4776051644188921,True,True
Max Normalization,80,81,19.1,23.1,1.6664487,4.8009033,5.774685,0.09479102,2.0089169,4.8050423,6.117153,0.09479102,2.2427914,4.814336,6.3510275,0.09479102,2.4064155,4.8239427,6.5146503,0.094791025,2.786985,4.85607,6.895215,0.09479104,3.049757,4.886126,7.157975,0.09479106,20.693584537506105,16.58534965515137,4.108234882354736,19.852698187251043,4.8239427,0.094791025,4.7291517,98.03498983383179,0.8014730181274896,True,True
Max Normalization,81,82,29.552,34.04,37.89021,8.374684,30.418076,0.12859848,38.099667,8.309251,30.627535,0.12859848,38.24271,8.26827,30.770576,0.12859868,38.342785,8.241414,30.870651,0.1285989,38.575546,8.18482,31.103432,0.12860078,38.73626,8.150604,31.264193,0.12860516,4.302784881591798,3.1693487548828116,1.133436126708986,26.34191942892753,8.241414,0.1285989,8.112815,98.4395980834961,0.7365808057107247,True,True
Max Normalization,82,83,36.3328,57.9994,33.008095,6.672472,36.399254,0.18659896,35.50476,6.6210613,38.895916,0.18660295,37.20976,6.6298637,40.600906,0.18661591,38.402615,6.65719,41.793743,0.18663788,41.177055,6.7866735,44.568024,0.18681109,43.09272,6.927662,46.483326,0.18721098,19.596785406494142,16.20565686645508,3.3911285400390625,17.304514335883287,6.65719,0.18663788,6.470552,97.19644784927368,0.8269548566411672,True,True
Max Normalization,83,84,32.361945,35.500073,1.4462608,6.0872416,28.615065,0.66597986,2.149746,6.3595247,29.317923,0.66603214,2.6301627,6.563224,29.79622,0.66620827,2.9662728,6.713491,30.128717,0.666509,3.748026,7.0851774,30.882349,0.6688421,4.2878017,7.357971,31.357132,0.67419434,32.533800169036866,5.371355577514649,27.162444591522217,83.4899226355159,6.713491,0.666509,6.046982,90.07209539413452,0.1651007736448411,True,True
Max Normalization,84,85,27.624,28.584,18.666996,4.1392255,27.18581,1.1628083,20.908535,4.439374,29.42723,1.1629214,22.439304,4.7260103,30.9576,1.1633061,23.510262,4.9590683,32.027874,1.163963,26.001186,5.5836463,34.513504,1.1690516,27.72109,6.0673876,36.221153,1.1807247,5.073738464355468,3.4438739929199222,1.6298644714355461,32.12354130757492,4.9590683,1.163963,3.7951055,76.52859687805176,0.6787645869242508,True,True
Max Normalization,85,86,27.99536,28.30944,6.7036414,3.949474,27.220459,0.899852,8.351756,3.8063045,28.868454,0.8999124,9.477269,3.7419577,29.99356,0.9001173,10.264703,3.7140238,30.780296,0.90046614,12.096182,3.7051845,32.60637,0.90317845,13.36076,3.7449956,33.858425,0.9094197,18.044737203063963,2.470856325683595,15.573880877380368,86.30705286600656,3.7140238,0.90046614,2.8135576,75.75497031211853,0.1369294713399344,True,True
Max Normalization,86,87,43.71,50.26,46.96592,14.165301,46.232346,0.039496608,47.252083,14.051537,46.518513,0.039496608,47.447506,13.97752,46.713936,0.039496608,47.58423,13.927537,46.85066,0.039496608,47.90223,13.817125,47.16866,0.039496608,48.1218,13.745739,47.38823,0.039496608,2.675771484374998,3.409341583251951,-0.7335700988769531,-27.415274553921748,13.927537,0.039496608,13.888041,99.71641302108765,1.2741527455392174,False,False
Max Normalization,87,88,48.83,60.8,40.120884,7.9707823,47.047478,0.10679919,40.883144,7.7413225,47.80974,0.10679919,41.4037,7.6051908,48.3303,0.10679919,41.76789,7.5204587,48.69449,0.10679919,42.614967,7.3586254,49.541557,0.10679919,43.199844,7.276986,50.12644,0.106799245,19.032109069824216,12.105511474609372,6.926597595214844,36.394272278510115,7.5204587,0.10679919,7.4136596,98.57988357543945,0.6360572772148989,True,True
Max Normalization,88,89,66.19,71.63,57.598118,6.0133657,66.15269,0.37830082,58.46286,5.6385856,67.01738,0.37839633,59.0534,5.395096,67.607765,0.37871712,59.46655,5.231643,68.02065,0.3792656,60.427498,4.8769183,68.97955,0.38351065,61.091,4.656094,69.6383,0.39315075,12.163451080322261,3.6093472290039017,8.55410385131836,70.32628975798639,5.231643,0.3792656,4.8523774,92.75054335594177,0.29673710242013607,True,True
Max Normalization,89,90,46.03,57.4,32.472992,9.313545,45.95897,0.42764005,33.38133,9.152679,46.8673,0.42764962,34.00164,9.069483,47.487595,0.42767572,34.43562,9.024535,47.921547,0.42772102,35.445015,8.963162,48.930733,0.42808408,36.141968,8.956504,49.627182,0.42891952,22.96438064575195,9.478453063964842,13.48592758178711,58.72541389128121,9.024535,0.42772102,8.596814,95.26046514511108,0.4127458610871879,True,True
Max Normalization,90,91,25.06,45.55,22.197308,7.001116,25.25265,0.64828527,25.853344,7.3635,28.908636,0.64861846,28.350086,7.6903324,31.405212,0.64974093,30.096859,7.952492,33.151703,0.651652,34.159653,8.653208,37.212288,0.66633844,36.964886,9.199153,40.012417,0.6990782,15.453141021728513,12.398297119140622,3.0548439025878906,19.76843347441471,7.952492,0.651652,7.3008404,91.80569052696228,0.8023156652558529,True,True
Max Normalization,91,92,12.4445,12.9032,-1.124121,8.883423,12.029462,1.0836489,-0.31795412,8.939735,12.835565,1.0837219,0.23258507,8.985584,13.385889,1.0839665,0.61775446,9.021172,13.770694,1.0843843,1.5136129,9.114913,14.663711,1.0876266,2.132175,9.188396,15.275692,1.0950925,12.285445540618896,0.8674937789916992,11.417951761627197,92.93884966464148,9.021172,1.0843843,7.936787,87.97956109046936,0.07061150335358517,True,True
Max Normalization,92,93,33.51816,38.2196,-0.8256758,16.124134,33.22439,0.08546938,-0.664033,16.159851,33.386032,0.08546938,-0.55364555,16.186718,33.496418,0.08546938,-0.47641605,16.206705,33.57365,0.08546938,-0.29678935,16.25695,33.753277,0.08546938,-0.1727628,16.294699,33.8773,0.08546938,38.69601605138779,4.645949639892578,34.05006641149521,87.99372619206375,16.206705,0.08546938,16.121235,99.47262406349182,0.12006273807936248,True,True
Max Normalization,93,94,52.4,58.6,30.090513,6.1233463,47.217216,0.17242765,32.139053,6.111289,49.265747,0.17242777,33.53802,6.174381,50.66468,0.17242831,34.51677,6.2520294,51.64338,0.1724291,36.79322,6.532831,53.919456,0.17243557,38.365044,6.8011136,55.49041,0.17245047,24.083230590820314,6.95662078857422,17.126609802246094,71.11425411827497,6.2520294,0.1724291,6.0796003,97.24202752113342,0.2888574588172502,True,True
Max Normalization,94,95,28.7857,31.0,17.06844,3.9527946,27.948477,1.6609782,19.18077,4.123681,30.060251,1.6614339,20.623302,4.275478,31.500896,1.6629709,21.632528,4.39683,32.506905,1.6655898,23.979872,4.7212987,34.829235,1.6857857,25.60064,4.9749756,36.39231,1.7312942,9.367471694946289,1.5069046020507812,7.860567092895508,83.91343308927478,4.39683,1.6655898,2.7312403,62.11839318275452,0.16086566910725225,True,True
Max Normalization,95,96,13.4,16.1,2.9389496,4.7538033,8.399597,0.10831241,3.2803931,4.798737,8.74104,0.10831241,3.5135686,4.8356285,8.9742155,0.10831243,3.676703,4.8643637,9.137349,0.108312435,4.0561347,4.9402494,9.516775,0.1083125,4.3181205,4.9997945,9.778748,0.10831265,12.423297023773195,6.962650871276857,5.460646152496338,43.954886871390556,4.8643637,0.108312435,4.756051,97.77334332466125,0.5604511312860945,True,True
Max Normalization,96,97,30.152,32.072,38.429096,5.680567,31.232166,2.4729643,42.247223,5.943129,35.053722,2.4778025,44.85466,6.187401,37.67275,2.4940665,46.678883,6.3860106,39.5167,2.5214586,50.921803,6.9238567,43.911396,2.7206252,53.85141,7.3474474,47.180138,3.1070719,14.60688259887695,7.4447007446289035,7.162181854248047,49.03292544296009,6.3860106,2.5214586,3.864552,60.51590442657471,0.509670745570399,True,True
Max Normalization,97,98,29.6,34.8,11.884573,6.616269,27.73619,0.21178244,12.597412,6.7326856,28.449028,0.21178275,13.084216,6.852767,28.935812,0.21178392,13.424795,6.955346,29.27636,0.2117858,14.216943,7.248945,30.06826,0.21180066,14.763895,7.492777,30.614634,0.21183524,21.37520484924316,5.523640441894528,15.851564407348633,74.15865494224676,6.955346,0.2117858,6.7435603,96.95506691932678,0.2584134505775324,True,True
Max Normalization,98,99,14.03,23.68,4.006528,7.2766485,13.7532215,0.6637042,7.45654,7.9386454,17.202457,0.6642092,9.812588,8.439111,19.555885,0.6659109,11.46093,8.808459,21.199759,0.668803,15.294782,9.717539,24.998886,0.69081604,17.941935,10.378441,27.566126,0.7387148,12.219070129394531,2.480241470336914,9.738828659057617,79.70188038801433,8.808459,0.668803,8.139656,92.40726232528687,0.20298119611985668,True,True
Max Normalization,99,100,33.10984,35.9556,17.175873,7.489447,32.57017,0.10342544,17.990078,7.3991275,33.384377,0.10342567,18.546108,7.3487716,33.940395,0.10342679,18.93512,7.319131,34.329395,0.103428476,19.839914,7.2683115,35.234093,0.10344142,20.464645,7.248231,35.858604,0.10347203,17.020480371093747,1.6262047058105438,15.394275665283203,90.44560041576521,7.319131,0.103428476,7.2157025,98.5868752002716,0.09554399584234782,True,True
